SKU,Nombre Contifico
01/FA760005,PANTALON MORATO ROSADO/AZUL/VARIOS/BLANCO
01/FA800009,JEANS EXTRA SKINNY NARANJA/AZUL/BLANCO
03/FA700008W140,JEANS SUPER SKINNY DIRTY
03/FA700010,JEANS SUPER SKINNY
1-18-14.5-S1,H. CAMISA P/S BRUNO CASSINI PURPLE 32-33
1-18-15.5-S1,H. CAMISA P/S BRUNO CASSINI PURPLE 32-33
1-18-16.5-S2,H. CAMISA P/S BRUNO CASSINI PURPLE 34-35
1-18-17-S1,H. CAMISA P/S BRUNO CASSINI PURPLE 32-33
10133-F,LIGTH 12V; IP65; 52MM; H:8MM; W//BLACK COVER; STAINLESS STEE
10637,VESTIDO CORTO P/DAMA BLACK
109-7037BL,H. PANTALON BLACK TED LAPIDUS
1100-BG/M,M. TOP P/DAMA BEIGE
1100-BL/M,M. TOP P/DAMA BLACK
11901-16.5-S2,H. CAMISA P/S BRUNO CASSINI WHITE 34-35
11940 (32),M. BRASSIER BLANCO TL 32
12001DC-16.5-S2,H. CAMISA D/P BRUNO CASSINI WHITE 34-35
12110BLACK-34,M.BRASSIERE CHAMELA
142108,SPOT 30 WATT BLANCO 4000K
142980,SPOT 30 WATT BLANCO 3000K
15/FA4470010,CAMISA M/C CON CONTRASTE LATERAL/BUTTON DOWN
150-3-17.5-S2,H. CAMISA P/S BRUNO CASSINI WHITE 34-35
150BG-3-18.5-S2,H. CAMISA P/S BIG SIZE BRUNO CASSINI WHITE 34-35
15290-32,BRASSIER CHAMELA
16350/34,BRASIER CHAMELA
16360-34,"BRASSIER CHAMELA BLANCO, MORADO"
16380-34,BRASSIER CHAMELA
16834-L,"BOXER CHAMELA AZUL, ROSA"
16900-34,BRASSIER CHAMELA ROSA
16904-M,BOXER CHAMELA ROSA
17601-15-S2,H. CAMISA P/S WHITE BRUNO CASSINI 34-35
17601-15.5-S1,H. CAMISA P/S WHITE BRUNO CASSINI 32-33
17601-15.5-S2,H. CAMISA P/S WHITE BRUNO CASSINI 34-35
17601-16-S1,H. CAMISA P/S WHITE BRUNO CASSINI 32-33
17601-16-S2,H. CAMISA P/S WHITE BRUNO CASSINI 34-35
17601BG-DC-19-S1,H. CAMISA D/P BIG SIZE BRUNO CASSINI WHITE 32-33
17601BG-DC-19.5-S2,H. CAMISA D/P BIG SIZE BRUNO CASSINI WHITE 34-35
17604BG-18-S1,H. CAMISA P/S BIG SIZE BRUNO CASSINI DARK BLUE 32-33
17604BG-18.5-S1,H. CAMISA P/S BIG SIZE BRUNO CASSINI DARK BLUE 32-33
17604BG-18.5-S2,H. CAMISA P/S BIG SIZE BRUNO CASSINI DARK BLUE 34-35
17604BG-20-S2,H. CAMISA P/S BIG SIZE BRUNO CASSINI DARK BLUE 34-35
17604BG-DC-18-S2,H. CAMISA D/P BIG SIZE BRUNO CASSINI DARK BLUE 34-35
17604DC-15.5-S2,H. CAMISA D/P DARK BLUE BRUNO CASSINI 34-35
17604DC-16-S2,H. CAMISA D/P DARK BLUE BRUNO CASSINI 34-35
17604DC-16.5-S1,H. CAMISA D/P DARK BLUE BRUNO CASSINI 32-33
17604DC-17-S1,H. CAMISA D/P DARK BLUE BRUNO CASSINI 32-33
17604DC-17.5-S2,H. CAMISA D/P DARK BLUE BRUNO CASSINI 34-35
19203-15.5-S2,H. CAMISA P/S BRUNO CASSINI CAILU SKY BLUE 34-35
1M-TRACK,"TRACK 1M, WHITE LIGHT"
20002-16.5-S2,H. CAMISA P/S DARK BLUE BRUNO CASSINI 34-35
2007-BG/M,M. TOP P/DAMA BEIGE
2007-BL/M,M. TOP P/DAMA BLACK
2007-WH/M,M. TOP P/DAMA WHITE
2011-1-N/L,H. CAMISA LINO NORMAL SHIRT WHITE BRUNO CASSINI
2011-1-N/M,H. CAMISA LINO NORMAL SHIRT WHITE BRUNO CASSINI
2011-1-N/XL,H. CAMISA LINO NORMAL SHIRT WHITE BRUNO CASSINI
2011-1-N/XXL,H. CAMISA LINO NORMAL SHIRT WHITE BRUNO CASSINI
2011-23-N/L,H. CAMISA LINO NORMAL SHIRT BLUE BRUNO CASSINI
2011-23-N/M,H. CAMISA LINO NORMAL SHIRT BLUE BRUNO CASSINI
2011-23-N/XL,H. CAMISA LINO NORMAL SHIRT BLUE BRUNO CASSINI
2279DW/S,VESTIDO CQ BY CQ T.S
23A0402-5/58,H. LEVA P/CABALLERO BRUNO CASSINI DARK GREY
23C29386-86BC-2/50,H. TERNO P/CABALLERO BRUNO CASSINI GREY
23C29386-86BC-2/52,H. TERNO P/CABALLERO BRUNO CASSINI GREY
23C29386-88BC-2/46,H. TERNO P/CABALLERO BRUNO CASSINI AZUL
23C29386-88BC-2/48,H. TERNO P/CABALLERO BRUNO CASSINI AZUL
23C29386-88BC-2/50,H. TERNO P/CABALLERO BRUNO CASSINI AZUL
23C29386-88BC-2/52,H. TERNO P/CABALLERO BRUNO CASSINI AZUL
23C29386-88BC-2/56,H. TERNO P/CABALLERO BRUNO CASSINI AZUL
23E4246-12-PAT/60,H. LEVA P/CABALLERO BRUNO CASSINI GRANATE
23E4246-13-PAT/46,H. LEVA P/CABALLERO BRUNO CASSINI MARRON
23E4246-13/46,H. LEVA P/CABALLERO BRUNO CASSINI MARRON
23E4246-13/48,H. LEVA P/CABALLERO BRUNO CASSINI MARRON
23E4246-13/50,H. LEVA P/CABALLERO BRUNO CASSINI MARRON
23E4246-13/52,H. LEVA P/CABALLERO BRUNO CASSINI MARRON
23E4246-13/54,H. LEVA P/CABALLERO BRUNO CASSINI MARRON
23E4246-13/56,H. LEVA P/CABALLERO BRUNO CASSINI MARRON
23E4246-13/58,H. LEVA P/CABALLERO BRUNO CASSINI MARRON
23E4246-13/60,H. LEVA P/CABALLERO BRUNO CASSINI MARRON
23E4246-15/46,H. LEVA P/CABALLERO BRUNO CASSINI SKY BLUE
23E4246-15/48,H. LEVA P/CABALLERO BRUNO CASSINI SKY BLUE
23E4246-15/50,H. LEVA P/CABALLERO BRUNO CASSINI SKY BLUE
23E4246-15/52,H. LEVA P/CABALLERO BRUNO CASSINI SKY BLUE
23E4246-15/54,H. LEVA P/CABALLERO BRUNO CASSINI SKY BLUE
23E4246-15/56,H. LEVA P/CABALLERO BRUNO CASSINI SKY BLUE
23E4246-15/58,H. LEVA P/CABALLERO BRUNO CASSINI SKY BLUE
23E4246-15/60,H. LEVA P/CABALLERO BRUNO CASSINI SKY BLUE
24E2732-6-BC-2/52,H. TERNO P/CABALLERO 2 BOTONES BRUNO CASSINI NAVY
24E2732-6-BC-2/56,H. TERNO P/CABALLERO 2 BOTONES BRUNO CASSINI NAVY
24E2732-6-BC-2/58,H. TERNO P/CABALLERO 2 BOTONES BRUNO CASSINI NAVY
24ES296-4-BC-2/58,H. TERNO P/CABALLERO 2 BOTONES BRUNO CASSINI VERDE
273-1,H.PANTALON BRUNO CASSINI
2M-TRACK,TRACK 2M WHITE LIGHT
3-2-D#17-BU-14.5-S1,H. CAMISA P/CABALLERO P/S BLUE 32-33 BRUNO CASSINI
3-2MH-OR-16.5-S2,H. CAMISA P/CABALLERO P/S ORANGE 34-35 BRUNO CASSINI
41680-34,BRASIER ROMANTICO ST. EVEN
43290/34,SOSTEN L ST. EVEN
43500-SAL,SALMON 32 BRASIER ESENCIAL ST EVEN
43500/AM-36,BRASIER ESENCIAL ST. EVEN
43510/34,BRASIER NEGRO 34 ESENCIAL
43541/L,BRASILERA ROMANTICA
43FW2005,CAMISA M/C CASUAL HOMBRE
43SW7026-S,CAMISA M/C CASUAL HOMBRE
43SW8093,CAMISA M/L CASUAL  HOMBRE
442199090/37-38,H. HORMA P/ZAPATOS BRUNO CASSINI TL 37-38
442199090/39-40,H. HORMA P/ZAPATOS BRUNO CASSINI TL 39-40
442199090/41-42,H. HORMA P/ZAPATOS BRUNO CASSINI TL 41-42
4BMB5345-238/38X32,PANTALON P/H PERRY ELLIS DECADENT CHOCOLATE
4BMB5345-485/30X32,PANTALON P/H PERRY ELLIS CLEAR COBALT
4BSB8102-010/36X32,JEANS P/H PERRY ELLIS BLACK
4BSB8102-464/36X32,JEANS P/H PERRY ELLIS BAY BLUE
4BSB8103-933/34X34,JEANS CASUAL P/H PERRY ELLIS COBALT
4CHB8800-405/30X32,PANTALON P/CABALLERO NAVY PERRY ELLIS
4CHB8800-405/34X32,PANTALON P/CABALLERO NAVY PERRY ELLIS
4DFB8612-401/34X32,PANTALON CASUAL P/H NAVY PERRY ELLIS
4DFB8612-401/38X32,PANTALON CASUAL P/H NAVY PERRY ELLIS
4S22008-2-15-S2,H. CAMISA P/S BRUNO CASSINI BLUE PLAID 34-35
4S22008-2-15.5-S1,H. CAMISA P/S BRUNO CASSINI BLUE PLAID 32-33
4S22008-2-15.5-S2,H. CAMISA P/S BRUNO CASSINI BLUE PLAID 34-35
4S22009-1-17-S2,H. CAMISA P/S BRUNO CASSINI WHITE 34-35
4S22009-2-17-S2,H. CAMISA P/S BRUNO CASSINI SKY BLUE ROMBO 34-35
4S22009-3-15.5-S2,H. CAMISA P/S BRUNO CASSINI BLUE ROMBO 34-35
4S22009-3-16.5-S2,H. CAMISA P/S BRUNO CASSINI BLUE ROMBO 34-35
4S22009-3-17-S1,H. CAMISA P/S BRUNO CASSINI BLUE ROMBO 32-33
4S22009-3-17-S2,H. CAMISA P/S BRUNO CASSINI BLUE ROMBO 34-35
4S22025-1-17.5-S2,H. CAMISA P/S BRUNO CASSINI WHITE 34-35
4S22025-2-15.5-S2,H. CAMISA P/S BRUNO CASSINI SKY BLUE 34-35
4S22025-2-16-S2,H. CAMISA P/S BRUNO CASSINI SKY BLUE 34-35
4S22025-2-16.5-S2,H. CAMISA P/S BRUNO CASSINI SKY BLUE 34-35
4S22025-2-17-S1,H. CAMISA P/S BRUNO CASSINI SKY BLUE 32-33
4S22025-2-17-S2,H. CAMISA P/S BRUNO CASSINI SKY BLUE 34-35
5000-BG/M,M. TOP P/DAMA BIEGE
5000-WH/M,M. TOP P/DAMA WHITE
5010,CONJUNTO BRAZZIER - INT
5010-14.5-S1,H. CAMISA P/S BRUNO CASSINI PURPLE 32-33
5011-15.5-S1,H. CAMISA P/S BRUNO CASSINI BLUE 32-33
5011-15.5-S2,H. CAMISA P/S BRUNO CASSINI BLUE 34-35
5011-16-S1,H. CAMISA P/S BRUNO CASSINI BLUE 32-33
55809,VESTIDO LARGO DE FIESTA NAVY TL 6
562-15.5-S2,H. CAMISA P/S BRUNO CASSINI BLUE POINT 34-35
56457,VESTIDO CORTO P/DAMA BLACK
56814Z,VESTIDO LARGO DE FIESTA MIN/VERDE TL 6
5DSW1101-126/15.5 S1,CAMISA DE VESTIR P/H 32 -33 BRIGHT WHITE PERRY ELLIS
5DSW1104-073/15.5 S1,CAMISA DE VESTIR P/H 32-33 ALLOY PERRY ELLIS
5DSW1104-073/16.5 S1,CAMISA DE VESTIR P/H 32-33 ALLOY PERRY ELLIS
5HFD2002-471-16.S2,CAMISAS DE VESTIR M/L P/H 100 ALGODON DELFT
5HFD2031-496-16.5.S2,CAMISAS DE VESTIR M/L  KENTUCK BLUE
603-3-15-S2,H. CAMISA P/S BRUNO CASSINI LINEN BLUE 34-35
6158-A7-BC-1/46,H. TERNO SMOKING 1 BOTON BRUNO CASSINI NEGRO
6158-A7-BC-1/48,H. TERNO SMOKING 1 BOTON BRUNO CASSINI NEGRO
6158-A7-BC-1/50,H. TERNO SMOKING 1 BOTON BRUNO CASSINI NEGRO
6158-A7-BC-1/52,H. TERNO SMOKING 1 BOTON BRUNO CASSINI NEGRO
6158-A7-BC-1/56,H. TERNO SMOKING 1 BOTON BRUNO CASSINI NEGRO
6158-A7-BC-1/58,H. TERNO SMOKING 1 BOTON BRUNO CASSINI NEGRO
64/FA420015,CAMISA CON ESTAMPADO FLORAL M/L
6FFD5029-126-16.S2,CAMISA DE VESTIR ML P/H 100 ALGODON 34 - 35
7701331092346,BLANCO 32 BRASSIER CHAMELA
7701331092483,BLANCO S BOXER CHAMELA
7701331092537,GRIS L BOXER CHAMELA
7701331095002,NEGRO 32 BRASSIER CHAMELA
7704170684161,AZUL ELECTRICO 32 BRASSIER
8020-1/XL,H. CAMISA P/S BRUNO CASSINI LINO WHITE
8020-1/XXL,H. CAMISA P/S BRUNO CASSINI LINO WHITE
8020-105/S,H. CAMISA P/S BRUNO CASSINI LINO BROWN
8020-105/XL,H. CAMISA P/S BRUNO CASSINI LINO BROWN
8020-105/XXL,H. CAMISA P/S BRUNO CASSINI LINO BROWN
8020-3/L,H. CAMISA P/S BRUNO CASSINI LINO BLACK
8020-4/XL,H. CAMISA P/S BRUNO CASSINI LINO NAVY
8020-55/XXL,H. CAMISA P/S BRUNO CASSINI LINO OLIVO
81216-2/DOUBL CUFF,CAMISA BRUNO CASSINI DOBLE PUNO
81216-4/DOUBL CUFF,CAMISAS BRUNO CASSINI
8504BG-18-S1,H. CAMISA P/S BIG SIZE BRUNO CASSINI BLUE 32-33
8504BG-18-S2,H. CAMISA P/S BIG SIZE BRUNO CASSINI BLUE 34-35
8504BG-18.5-S1,H. CAMISA P/S BIG SIZE BRUNO CASSINI BLUE 32-33
8504BG-18.5-S2,H. CAMISA P/S BIG SIZE BRUNO CASSINI BLUE 34-35
8504BG-19-S1,H. CAMISA P/S BIG SIZE BRUNO CASSINI BLUE 32-33
8504BG-19-S2,H. CAMISA P/S BIG SIZE BRUNO CASSINI BLUE 34-35
8504BG-19.5-S2,H. CAMISA P/S BIG SIZE BRUNO CASSINI BLUE 32-33
8504BG-20-S2,H. CAMISA P/S BIG SIZE BRUNO CASSINI BLUE 34-35
8504BG-DC-18-S1,H. CAMISA D/P BIG SIZE BRUNO CASSINI BLUE 32-33
8504BG-DC-18-S2,H. CAMISA D/P BIG SIZE BRUNO CASSINI BLUE 34-35
8504BG-DC-18.5-S1,H. CAMISA D/P BIG SIZE BRUNO CASSINI BLUE 32-33
8504BG-DC-18.5-S2,H. CAMISA D/P BIG SIZE BRUNO CASSINI BLUE 34-35
8504BG-DC-19-S1,H. CAMISA D/P BIG SIZE BRUNO CASSINI BLUE 32-33
8504BG-DC-19-S2,H. CAMISA D/P BIG SIZE BRUNO CASSINI BLUE 34-35
8504BG-DC-19.5-S2,H. CAMISA D/P BIG SIZE BRUNO CASSINI BLUE 32-33
8504BG-DC-20-S2,H. CAMISA D/P BIG SIZE BRUNO CASSINI BLUE 34-35
8831-16.5-S1,H. CAMISA P/S BRUNO CASSINI POINT BLUE 32-33
8880BL,RIEL 1M BLANCO
8889BL,RIEL 2M BLANCO
9039 BL-16,M. BIKINI JUNIOR BLANCO FLOR
A108-3-15.5-S1,H. CAMISA P/S BLUE BRUNO CASSINI 32-33
A108-3-15.5-S2,H. CAMISA P/S BLUE BRUNO CASSINI 34-35
A108-3-16-S1,H. CAMISA P/S BLUE BRUNO CASSINI 32-33
A108-3-16-S2,H. CAMISA P/S BLUE BRUNO CASSINI 34-35
A108-3-16.5-S1,H. CAMISA P/S BLUE BRUNO CASSINI 32-33
A108-3-16.5-S2,H. CAMISA P/S BLUE BRUNO CASSINI 34-35
A108-3-17-S1,H. CAMISA P/S BLUE BRUNO CASSINI 32-33
A108-3-17-S2,H. CAMISA P/S BLUE BRUNO CASSINI 34-35
A108-3-17.5-S2,H. CAMISA P/S BLUE BRUNO CASSINI 34-35
A108-4-15-S1,H. CAMISA P/S BLUE BRUNO CASSINI 32-33
A108-4-15-S2,H. CAMISA P/S BLUE BRUNO CASSINI 34-35
A108-7-14.5-S1,H. CAMISA P/S LIGHT BLUE BRUNO CASSINI 32-33
A108-7-15.5-S2,H. CAMISA P/S LIGHT BLUE BRUNO CASSINI 34-35
A108-7-16-S2,H. CAMISA P/S LIGHT BLUE BRUNO CASSINI 34-35
A108-7-16.5-S2,H. CAMISA P/S LIGHT BLUE BRUNO CASSINI 34-35
A108-7-17-S1,H. CAMISA P/S LIGHT BLUE BRUNO CASSINI 32-33
A115-1-14.5-S1,H. CAMISA P/S WHITE BRUNO CASSINI 32-33
A115-1-15.5-S1,H. CAMISA P/S WHITE BRUNO CASSINI 32-33
A115-1-15.5-S2,H. CAMISA P/S WHITE BRUNO CASSINI 34-35
A115-1-16-S2,H. CAMISA P/S WHITE BRUNO CASSINI 34-35
A115-1-16.5-S2,H. CAMISA P/S WHITE BRUNO CASSINI 34-35
A115-1-17-S1,H. CAMISA P/S WHITE BRUNO CASSINI 32-33
A115-1-17-S2,H. CAMISA P/S WHITE BRUNO CASSINI 34-35
A115-1-17.5-S2,H. CAMISA P/S WHITE BRUNO CASSINI 34-35
A126-10-14.5-S1,H. CAMISA P/S PURPLE BRUNO CASSINI 32-33
A151-82-17.5-S2,H. CAMISA P/S BRUNO CASSINI BLACK 34-35
A151-82BG-17.5-S2,H. CAMISA P/S BIG SIZE BRUNO CASSINI BLACK 34-35
A158-3-15.5-S2,H. CAMISA P/S LIGHT BLUE BRUNO CASSINI 34-35
A158-3-16-S1,H. CAMISA P/S LIGHT BLUE BRUNO CASSINI 32-33
A158-3-16.5-S2,H. CAMISA P/S LIGHT BLUE BRUNO CASSINI 34-35
A158-3-17-S2,H. CAMISA P/S LIGHT BLUE BRUNO CASSINI 34-35
A158-4-14.5-S1,H. CAMISA P/S BLUE BRUNO CASSINI 32-33
A158-4-15.5-S1,H. CAMISA P/S BLUE BRUNO CASSINI 32-33
A158-4-15.5-S2,H. CAMISA P/S BLUE BRUNO CASSINI 34-35
A158-4-16-S1,H. CAMISA P/S BLUE BRUNO CASSINI 32-33
A158-4-16-S2,H. CAMISA P/S BLUE BRUNO CASSINI 34-35
A158-4-16.5-S1,H. CAMISA P/S BLUE BRUNO CASSINI 32-33
A158-4-16.5-S2,H. CAMISA P/S BLUE BRUNO CASSINI 34-35
A158-4-17-S1,H. CAMISA P/S BLUE BRUNO CASSINI 32-33
A158-4-17-S2,H. CAMISA P/S BLUE BRUNO CASSINI 34-35
ACCE-12-18,BISUTERIA VARIOS MODELOS
ACCE19-09-8,ACCESORIO - 2019-09
ACCE19-09-9,ACCESORIO - 2019-09
AG62128,VESTIDO CORTO P/DAMA VERDE
AL216105,VESTIDO LARGO ROJO
ANTIFAZ,ANTIFAZ NEGRO
ARM-001,ARMADOR PARA TERNO BRUNO CASSINI
ARM-002,ARMADOR PARA CAMISAS
ARM-01,ARMADOR VARIOS TIPOS
AT4266/L,BLUSA LOVE ENCOUNTER
BL-DAFNE-NA-CA/S,BLUSA DAFNE P/DAMA NARANJA CAFE
BL-LARISE N/L,M. BLUSA ESTAM/UNI MAGENTA / AZUL
BL-LARISE N/M,M. BLUSA ESTAM/UNI MAGENTA / AZUL
BL-LARISE N/S,M. BLUSA ESTAM/UNI MAGENTA / AZUL
BM10814-32,JEANS SIX HOMBRE
BM11131-29,JEANS DRAYANN DE HOMBRE
BM13708-28,KING PANTALON
BMO5961-29,H. PANTALON BUFFALO JECK
BMO6226-30,H. PANTALON BUFFALO X-PERT
BMO6483-29,H. JEANS BUFFALO-X GARRET
BMO6604-30,H. JEANS BUFFALO MATHEW
BMO7209-30,H. JEANS BUFFALO GAME
BMO7217-32,H. JEANS BUFFALO
BPM7120-34,JEANS SIMON DE HOMBRE
BPM7775-29,JEANS DE HOMBRE 100 ALGODON
BW4624/85-CO,H. CORBATIN BRUNO CASSINI MODELO
C/CASSINI,CORREAS CASSINI
C230,PORTAFOLIO 39X25/1X24 BRUNO CASSINI PEQU
C231,PORTAFOLIO 40X25 BRUNO CASSINI GRANDE
C24ES296-4-BC-2/50,H. TERNO P/CABALLERO C/CHALECO CASSINI GREEN
C25B231291-24BC-2/46,H. TERNO P/CABALLERO C/CHALECO CASSINI WINE
C25B231291-24BC-2/48,H. TERNO P/CABALLERO C/CHALECO CASSINI WINE
C25C0905-25BC-2/48,H. TERNO P/CABALLERO C/CHALECO CASSINI GRAY-BLUE
C25C0905-25BC-2/50,H. TERNO P/CABALLERO C/CHALECO CASSINI GRAY-BLUE
C25C0905-25BC-2/52,H. TERNO P/CABALLERO C/CHALECO CASSINI GRAY-BLUE
CAJ-001,CAJA PARA ZAPATOS BRUNO CASSINI
CAMISA-BC,CAMISA P/C BRUNO CASSSINI
CAMISA-DP-BC,CAMISA P/C D/P BRUNO CASSSINI
CAR-CH-BLK,CARTERA CAROLINA HERRERA BLACK
CAR-CH-NVY,CARTERA CAROLINA HERRERA NAVY
CAR-FENDI-125#,CARTERA FENDI LILA-GRIS
CAR-GUESS-BL,CARTERA GUESS BLACKL LINE
CAR-GUESS-RD,CARTERA GUESS RED
CAR-GUESS-RO-BLK,CARTERA GUESS BLACK
CART-COACH,CARTERA COACH NEGRA/CAFE
CART-G-08-19,CARTERA GRANDE VARIOS MODELOS
CE-BAJ-15-3915-17.5-S2,H. CAMISA P/S BIG SIZE BRUNO CASSINI SKY BLUE 34-35
CH-008-BLACK-2/46,H. CHALECO P/CABALLEROS CASSINI BLACK
CH-008-BLACK-2/48,H. CHALECO P/CABALLEROS CASSINI BLACK
CH-008-BLACK-2/52,H. CHALECO P/CABALLEROS CASSINI BLACK
CH-008-BLACK-2/54,H. CHALECO P/CABALLEROS CASSINI BLACK
CH-008-BLACK-2/56,H. CHALECO P/CABALLEROS CASSINI BLACK
CH-24ES296-4/46,H. CHALECO P/CABALLEROS CASSINI GREEN
CH-24ES296-4/48,H. CHALECO P/CABALLEROS CASSINI GREEN
CH-24ES296-4/50,H. CHALECO P/CABALLEROS CASSINI GREEN
CH-24ES296-4/52,H. CHALECO P/CABALLEROS CASSINI GREEN
CH-24ES296-4/56,H. CHALECO P/CABALLEROS CASSINI GREEN
CH-25B231291-24/46,H. CHALECO P/CABALLEROS CASSINI WINE
CH-25B231291-24/50,H. CHALECO P/CABALLEROS CASSINI WINE
CH-25B231291-24/52,H. CHALECO P/CABALLEROS CASSINI WINE
CH-25B231291-24/54,H. CHALECO P/CABALLEROS CASSINI WINE
CH-25B231291-24/56,H. CHALECO P/CABALLEROS CASSINI WINE
CH-25C0905-11/46,H. CHALECO P/CABALLEROS CASSINI BROWN
CH-25C0905-11/48,H. CHALECO P/CABALLEROS CASSINI BROWN
CH-25C0905-11/50,H. CHALECO P/CABALLEROS CASSINI BROWN
CH-25C0905-11/52,H. CHALECO P/CABALLEROS CASSINI BROWN
CH-25C0905-11/54,H. CHALECO P/CABALLEROS CASSINI BROWN
CH-25C0905-11/56,H. CHALECO P/CABALLEROS CASSINI BROWN
CH-ML-RAZ/S,M. CHALECO MILANO RAYAS AZUL
CIN-C-BG,H. CINTURON P/CABALLERO ELASTIC BEIGE
CIN-C-CA,H. CINTURON P/CABALLERO ELASTIC CAFE
CIN-C-GR,H. CINTURON P/CABALLERO ELASTIC GRIS
CIN-C-ML,H. CINTURON P/CABALLERO ELASTIC MIEL
CIN-C-NE,H. CINTURON P/CABALLERO ELASTIC NEGRO
CIN-C-NV,H. CINTURON P/CABALLERO ELASTIC NAVY
CIN-DHEG1,M. CINTURON P/DAMA HEB GRANDE
CIN-DHEP,M. CINTURON P/DAMA HEB PEQUEÑA
CIN-DHEP1,M. CINTURON P/DAMA HEB CUAD. PEQUEÑA
CM0042DBU-N/L,H. CAMISA NORMAL SHIRT BLUE BRUNO CASSINI
CM0042DGR-N/L,H. CAMISA NORMAL SHIRT MINT BRUNO CASSINI
CM0042DGR-N/M,H. CAMISA NORMAL SHIRT MINT BRUNO CASSINI
CM0042DGR-N/S,H. CAMISA NORMAL SHIRT MINT BRUNO CASSINI
CM0042DGR-N/XL,H. CAMISA NORMAL SHIRT MINT BRUNO CASSINI
CM0044WHT-F/L,H. CAMISA FRENCH SHIRT WHITE BRUNO CASSINI
CM0044WHT-N/XXL,H. CAMISA NORMAL SHIRT WHITE BRUNO CASSINI
CMST-CV-B90-002GU/S,H. CAMISETA P/CABALLEROS CARVEN
CMST-CV-B90-002WI/S,H. CAMISETA P/CABALLEROS WINE CARVEN
CORREA-AZ-1119,CORREAS CINT CUE NAP # 35 AZUL
CORREA-NE-1119,CORREAS CINT CUE NAP # 35 NEGRO
CORREA-VN-1119,CORREAS CINT CUE NAP # 35 VINO
CORREA-VN-LISA,CORREAS CINT CUE BR #35 VINO LISO
CORREAS-CIT2169,CORREAS CINT CUERO CREISI # 35
CRC-DD-2111 BK,CARCASAS LIGHT BLACK; 2 LIGHT SIZE: 505*190MM 27W 4000-4500K
CRC-DD-3111 BK,CARCASAS LIGHT BLACK; 3 LIGHT SIZE: 505*190MM 27W 4000-4500K
CUWBP0035-110/L,CAMISA P/H M/L BRIGHT WHITE CUBAVERA
CUWBP0035-110/M,CAMISA P/H M/L BRIGHT WHITE CUBAVERA
CUWBP0035-110/S,CAMISA P/H M/L BRIGHT WHITE CUBAVERA
CUWBP0035-110/XXL,CAMISA P/H M/L BRIGHT WHITE CUBAVERA
CUWBP0035-454/XL,CAMISA P/H M/L CASHEMERE BLUE CUBAVERA
CUWBP0035-454/XXL,CAMISA P/H M/L CASHEMERE BLUE CUBAVERA
CUWBP0035-460/L,CAMISA P/H M/L ENSING BLUE CUBAVERA
CUWBP0035-460/M,CAMISA P/H M/L ENSING BLUE CUBAVERA
CUWBP0035-460/S,CAMISA P/H M/L ENSING BLUE CUBAVERA
CUWBP0035-460/XL,CAMISA P/H M/L ENSING BLUE CUBAVERA
CUWBP0035-460/XXL,CAMISA P/H M/L ENSING BLUE CUBAVERA
CUWF2104-BW-C/2XL,H. CAMISA P/H M/C 100% LINO BRIGHT WHITE 2XL
CUWF2104-BW-C/3XL,H. CAMISA P/H M/C 100% LINO BRIGHT WHITE 3XL
CUWF2105-BW-C/2XL,H. CAMISA P/H M/C 100% LINO BRIGHT WHITE 2XL
CUWME014-112/L,H. CAMISA CUBAVERA M/C P/CABALLERO BRILLIANT WHITE
CUWME014-112/M,H. CAMISA CUBAVERA M/C P/CABALLERO BRILLIANT WHITE
CUWME014-112/S,H. CAMISA CUBAVERA M/C P/CABALLERO BRILLIANT WHITE
CUWME014-112/XL,H. CAMISA CUBAVERA M/C P/CABALLERO BRILLIANT WHITE
CUWME029-003/M,H. CAMISA CUBAVERA M/C P/CABALLERO JET BLACK
CV-K02-083/S,CAMISA M/C CUADROS - FUCHSIA
CV-L11-061BU/42R,TERNO P/CABALLERO SMOKING AZUL  CARVEN
CV-L11-061BU/44R,TERNO P/CABALLERO SMOKING AZUL  CARVEN
CV-U11-016-BU/36,H. TERNO P/CABALLERO NAVY CARVEN
CV-U11-037-NV/42,H. TERNO P/CABALLERO NAVY CARVEN
D17261W/17-7.5,H. CORBATA P/CABALLERO CASSINI YELLOW
D5202L,VESTIDO LARGO BLACK LABEL
D7464L,VESTIDO LARGO BLACK LABEL
D7487L,VESTIDO LARGO BLACK LABEL
D7545L,VESTIDO LARGO BLACK LABEL
D8518L,VESTIDO LARGO BLACK LABEL
D8892L,VESTIDO LARGO BLACK LABEL
DD-2111 BK,LIGHT BLACK; 2 LIGHTS SIZE 375*190MM 18W 4000-4500K
DD-3111-3K,LIGHT BLACK; 3 LIGHT SIZE: 505*190MM 27W 3000-3500K
DD-3111BK/6K,BLACK 3 LIGHTS SIZE: 505*190 MM 27W - 6500K
DFB3011-BLANCO/S,M. CONJUNTO PANT+ TOP P/DAMA BLANCO DANFIVE
EFT-DC-BU-15.5-S1,H. CAMISA P/CABALLERO D/P BLUE 32-33 BRUNO CASSINI
EFT-DC-BU-15.5-S2,H. CAMISA P/CABALLERO D/P BLUE 34-35 BRUNO CASSINI
ENSTDO#4-BU-14.5-S1,H. CAMISA P/CABALLERO P/S BLUE 32-33 BRUNO CASSINI
ENT-LETICIA-RO/L,M. CONJUNTO ENTERIZO LETICIA ROSE
ERN-SABAT-10-19.5.S1,H. CAMISA P/S  BIG SIZE BRUNO CASSINI BLACK 32-33
ERN-SABAT-1259-WM/S,BLUSA DE DAMA P/S BRUNO CASSINI WHITE  T.S
ESNS-PK-14.5-S1,H. CAMISA P/CABALLERO P/S PINK 32-33 BRUNO CASSINI
FA-20-678U-CH/36,H. PANTALON P/CABALLERO CHARCOAL FARIANI
FA-33-1000F-NV/38,H. TERNO FARIANI P/CABALLERO NAVY
FA-33-1000F-SL/44,H. TERNO FARIANI P/CABALLERO SLATE
FA-33-1000F-SL/46,H. TERNO FARIANI P/CABALLERO SLATE
FA-33-999R-NV/42,H. TERNO FARIANI P/CABALLERO NAVY
FA-35-1071-HT/40,H. LEVA P/CABALLERO HUNTER FARIANI
FORRO-BC,FORRO DE TERNO BRUNO CASSINI
FUND-CAM-BC,FUNDA ADAMS CAMISAS BRUNO CASSINI
FUND-NEG-16,FUNDA PREMIUN NEGRA P/ACCESORIO
GEM-HUBLOT-BLK,GEMELOS HUBLOT BLACK
GEM-MONT BLANC-BLK,GEMELOS MONT BLANC BLACK
GEM-ROLEX-BLK,GEMELOS ROLEX BLACK
H721,BOLSO 4 COLORES BRUNO CASSINI
H723,MOCHILA 8 COLORES BRUNO CASSINI GRANDE
HD42-126L-17-S2,H. CAMISA P/S BRUNO CASSINI LIGHT BLUE 34-35
HD42-B122BG-19-S2,H. CAMISA P/S BIG SIZE BRUNO CASSINI WHITE 34-35
HT1739-5-14.-5-S1,H. CAMISA P/S STRIPE BLUE BRUNO CASSINI 32-33
HT1739-5-15-S1,H. CAMISA P/S STRIPE BLUE BRUNO CASSINI 32-33
HT1739-5-15-S2,H. CAMISA P/S STRIPE BLUE BRUNO CASSINI 34-35
HT1739-5-15.5-S1,H. CAMISA P/S STRIPE BLUE BRUNO CASSINI 32-33
HT1739-5-15.5-S2,H. CAMISA P/S STRIPE BLUE BRUNO CASSINI 34-35
HT1739-5-16-S1,H. CAMISA P/S STRIPE BLUE BRUNO CASSINI 32-33
HT1739-5-16-S2,H. CAMISA P/S STRIPE BLUE BRUNO CASSINI 34-35
HT1965-2-14.5-S1,H. CAMISA P/S SQUARE BLUE BRUNO CASSINI 32-33
HT2082-3-15.5-S2,H. CAMISA P/S SQUARE BLUE BRUNO CASSINI 34-35
HT8811-3-14.5-S1,H. CAMISA P/S BLUE BRUNO CASSINI 32-33
HT8811-3-15.5-S1,H. CAMISA P/S BLUE BRUNO CASSINI 32-33
HT8811-3-15.5-S2,H. CAMISA P/S BLUE BRUNO CASSINI 34-35
HT8811-3-16-S2,H. CAMISA P/S BLUE BRUNO CASSINI 34-35
HT8811-3-16.5-S1,H. CAMISA P/S BLUE BRUNO CASSINI 32-33
HT8811-3-16.5-S2,H. CAMISA P/S BLUE BRUNO CASSINI 34-35
HT8811-3-17-S1,H. CAMISA P/S BLUE BRUNO CASSINI 32-33
HT8811-3-17-S2,H. CAMISA P/S BLUE BRUNO CASSINI 34-35
HT8811-3-17.5-S2,H. CAMISA P/S BLUE BRUNO CASSINI 34-35
IRE90495/S,M. JUMPER ENTERIZO INA
IW-33802WGO-WHT,M. CINTURONES P/DAMA WHITE
JCB-1339-BK,M. CINTURONES P/DAMA BLACK
JS-CAMEO-BL/39,CALZADO JESSICA SIMPSON BLACK
K818-1-16.5-S2,H. CAMISA P/S BRUNO CASSINI WHITE 34-35
K818-3-16.5-S2,H. CAMISA P/S BRUNO CASSINI BLUE POINT 34-35
K820-6-17-S1,H. CAMISA P/S BRUNO CASSINI RED POINT 32-33
KSE-5022-6,FASHION EARRING VARIOS MODELOS
L21SW-1-17.5-S2,H. CAMISA P/CABALLERO M/C  WHITE 34-35 BRUNO CASSINI
LB-601-7W (RD),"ROUND, COB, ADJUSTABLE LIGHT 7W 3000-3500K"
LBPC-A03-217S-GR/XL,H. CAMISA M/C LONG BEACH GREY
LBPC-A03-217S-RS/L,H. CAMISA M/C LONG BEACH ROSE
LBPC-A03-217S-RS/S,H. CAMISA M/C LONG BEACH ROSE
LBPC-A31-210S-RT/S,H. POLO M/C LONG BEACH RUST
LBPC-A31-210S-WH/XL,H. POLO M/C LONG BEACH WHITE
LBPC-A31-218S-WH/L,H. POLO M/C LONG BEACH WHITE
LBPC-A31-218S-WH/M,H. POLO M/C LONG BEACH WHITE
LBPC-A31-243S-BL/M,H. POLO LONG BEACH M/C P/CABALLERO BLACK
LBPC-A31-254R-DKNV/L,H. POLO LONG BEACH M/C P/CABALLERO DARK NAVY
LBPC-A31-254R-DKNV/M,H. POLO LONG BEACH M/C P/CABALLERO DARK NAVY
LBPC-A31-254R-DKNV/S,H. POLO LONG BEACH M/C P/CABALLERO DARK NAVY
LBPC-A31-254R-DKNV/XL,H. POLO LONG BEACH M/C P/CABALLERO DARK NAVY
LBPC-A31-254R-LTSL/L,H. POLO LONG BEACH M/C P/CABALLERO LT. SALMON
LBPC-A31-254R-LTSL/M,H. POLO LONG BEACH M/C P/CABALLERO LT. SALMON
LBPC-A31-254R-LTSL/S,H. POLO LONG BEACH M/C P/CABALLERO LT. SALMON
LBPC-A31-254R-LTSL/XL,H. POLO LONG BEACH M/C P/CABALLERO LT. SALMON
LBPC-B03-101S-KA/L,CAMISA P/H M/C KHAKI LONG BEACH
LBPC-B03-101S-KA/M,CAMISA P/H M/C KHAKI LONG BEACH
LBPC-B03-101S-KA/S,CAMISA P/H M/C KHAKI LONG BEACH
LBPC-B03-101S-NV/L,CAMISA P/H M/C NAVY LONG BEACH
LBPC-B03-101S-NV/M,CAMISA P/H M/C NAVY LONG BEACH
LBPC-B03-101S-NV/S,CAMISA P/H M/C NAVY LONG BEACH
LBPC-B03-101S-NV/XL,CAMISA P/H M/C NAVY LONG BEACH
LBPC-B03-101X-WH/1XL,H. CAMISA LONG BEACH M/C BIG SIZE P/C WHITE
LBPC-B03-101X-WH/2XL,H. CAMISA LONG BEACH M/C BIG SIZE P/C WHITE
LBPC-B03-101X-WH/3XL,H. CAMISA LONG BEACH M/C BIG SIZE P/C WHITE
LBPC-B03-102S-SK/L,CAMISA P/H M/C SKY LONG BEACH
LBPC-B03-102S-SK/M,CAMISA P/H M/C SKY LONG BEACH
LBPC-B03-102S-SK/S,CAMISA P/H M/C SKY LONG BEACH
LBPC-B03-102S-SK/XL,CAMISA P/H M/C SKY LONG BEACH
LBPC-B03-102S-WH/L,CAMISA P/H M/C WHITE LONG BEACH
LBPC-B03-102X-WH/1XL,H. CAMISA LONG BEACH M/C BIG SIZE P/C WHITE
LBPC-B03-102X-WH/2XL,H. CAMISA LONG BEACH M/C BIG SIZE P/C WHITE
LBPC-B03-102X-WH/3XL,H. CAMISA LONG BEACH M/C BIG SIZE P/C WHITE
LBPC-B04-102S-WH/L,H. CAMISA P/H M/L WHITE LONG BEACH
LBPC-B04-102S-WH/M,H. CAMISA P/H M/L WHITE LONG BEACH
LBPC-B04-102S-WH/S,H. CAMISA P/H M/L WHITE LONG BEACH
LBPC-B04-102S-WH/XL,H. CAMISA P/H M/L WHITE LONG BEACH
LBPC-B21-101S-KA/36,H. PANTALON LONG BEACH P/CABALLERO KHAKI
LBPC-B21-101S-KA/38,H. PANTALON LONG BEACH P/CABALLERO KHAKI
LBPC-B21-101S-NV/30,H. PANTALON LONG BEACH P/CABALLERO NAVY
LBPC-B21-101S-NV/32,H. PANTALON LONG BEACH P/CABALLERO NAVY
LBPC-B30-101S-BL/L,H. T-SHIRT LONG BEACH M/C P/CABALLERO BLACK
LBPC-B30-101S-BL/M,H. T-SHIRT LONG BEACH M/C P/CABALLERO BLACK
LBPC-B30-101S-BL/S,H. T-SHIRT LONG BEACH M/C P/CABALLERO BLACK
LBPC-B30-101S-WH/S,H. T-SHIRT LONG BEACH M/C WHITE
LBPC-B31-101S-NV/S,H. POLO LONG BEACH M/C P/CABALLERO NAVY
LBPC-B31-101S-RT/L,H. POLO LONG BEACH M/C P/CABALLERO RUST
LBPC-B31-101S-RT/M,H. POLO LONG BEACH M/C P/CABALLERO RUST
LBPC-B31-101S-RT/S,H. POLO LONG BEACH M/C P/CABALLERO RUST
LBPC-B31-101S-WH/L,H. POLO LONG BEACH M/C P/CABALLERO WHITE
LBPC-B31-101S-WH/M,H. POLO LONG BEACH M/C P/CABALLERO WHITE
LBPC-B31-101S-WH/S,H. POLO LONG BEACH M/C P/CABALLERO WHITE
LBPC-B31-101S-WH/XL,H. POLO LONG BEACH M/C P/CABALLERO WHITE
LBPC-B31-101S-WI/L,H. POLO LONG BEACH M/C P/CABALLERO WINE
LBPC-C03-232S-NV/XL,CAMISA P/H M/C NAVY LONG BEACH
LBPC-C31-206S-OL/L,H. POLO P/HOMBRE OLIVE LONG BEACH
LBPC-C31-206S-OL/S,H. POLO P/HOMBRE OLIVE LONG BEACH
LBPC-C31-223R-KA/L,H. POLO P/HOMBRE KHAKI LONG BEACH
LBPC-C31-223R-KA/M,H. POLO P/HOMBRE KHAKI LONG BEACH
LBPC-C31-223R-KA/XL,H. POLO P/HOMBRE KHAKI LONG BEACH
LBPC-C31-223R-SL/L,H. POLO P/HOMBRE SALMON LONG BEACH
LBPC-C31-223R-SL/XL,H. POLO P/HOMBRE SALMON LONG BEACH
LBPC-D04-216S-WH/S,CAMISA P/H M/L WHITE LONG BEACH
LBPC-D04-216S-WH/XL,CAMISA P/H M/L WHITE LONG BEACH
LBPC-D04-217S-WH/S,CAMISA P/H M/L WHITE LONG BEACH
LBPC-D04-219S-BU/L,CAMISA P/H M/L BLUE LONG BEACH
LBPC-D04-219S-BU/M,CAMISA P/H M/L BLUE LONG BEACH
LBPC-D04-219S-BU/S,CAMISA P/H M/L BLUE LONG BEACH
LBPC-D04-219S-BU/XL,CAMISA P/H M/L BLUE LONG BEACH
LEVAS-BC,LEVAS BRUNO CASSINI VARIOS MODELOS
LEVAS-BC-NIÑO,LEVAS DE NIÑOS
LV-008-BLACK-2/46,LEVA P/CABALLEROS BC BLACK
LV-12342-1/50,LEVAS BRUNO CASSINI VARIOS MODELOS
LV-17001-9/56,H. LEVA P/CABALLERO BRUNO CASSINI
LV-23A29607-32/56,LEVA P/CABALLERO BRUNO CASSINI NAVY
LV-23C25168-220/50,LEVA P/CABALLEROS BRUNO CASSINI
LV-23E3705-25/46,H. LEVA BRUNO CASSINI
LV-24B11210-100/50,LEVA P/CABALLERO BRUNO CASSINI AZUL
LV-24C28061-76/56,LEVA P/CABALLERO BRUNO CASSINI AZUL
LV-25C29118-13/54,H. LEVA P/CABALLERO BRUNO CASSINI NAVY
LV-GB-G11-002/40,LEVA CABALLEROS
LV-SMOKING,LEVA SMOKING 1 BOTON BRUNO CASSINI NEGRO
LV-TL10-658A/58,LEVA P/CABALLERO BRUNO CASSINI
M-03-7,INDIVIDUAL PARA MESA PZA 7 UNIDADES
MF-10845/644-7,H. CORBATA P/CABALLERO CASSINI GRAY BLUE
MF-10845/644-7.5,H. CORBATA P/CABALLERO CASSINI GRAY BLUE
MF10831/145-CO,H. CORBATIN P/CABALLERO CASSINI  NAVY
MF11829/1-FJ,SET CORBATIN + FAJA BRUNO CASSINI
MF11829/9-CO,H. CORBATIN BRUNO CASSINI MODELO
MF11868/1-FJ,SET CORBATIN + FAJA BRUNO CASSINI
MF11886/1-CO,H. CORBATIN BRUNO CASSINI MODELO
MF11891/9-CO,H. CORBATIN BRUNO CASSINI MODELO
MF11936/22-7,H. CORBATA P/CABALLERO CASSINI BLACK
MF11936/22-7.5,H. CORBATA P/CABALLERO CASSINI BLACK
MF11936/23-7,H. CORBATA P/CABALLERO CASSINI BLACK/SQUARE YELLOW
MF11936/23-7.5,H. CORBATA P/CABALLERO CASSINI BLACK/SQUARE YELLOW
MF12022/12-FJ,SET CORBATIN + FAJA BRUNO CASSINI
MF12022/2-FJ,SET CORBATIN + FAJA BRUNO CASSINI
MF12022/5-FJ,SET CORBATIN + FAJA BRUNO CASSINI
MF12022/6-FJ,SET CORBATIN + FAJA BRUNO CASSINI
MF12022/9-CO,H. CORBATIN BRUNO CASSINI MODELO
MF12022/9-FJ,SET CORBATIN + FAJA BRUNO CASSINI
MF12026/5-CO,H. CORBATIN BRUNO CASSINI MODELO
MF12072/5-CO,H. CORBATIN BRUNO CASSINI MODELO
MF12080/12-CO,H. CORBATIN BRUNO CASSINI MODELO
MF12080/2-CO,H. CORBATIN BRUNO CASSINI MODELO
MF12080/8-CO,H. CORBATIN BRUNO CASSINI MODELO
MF12080/9-CO,H. CORBATIN BRUNO CASSINI MODELO
MF12081/10-CO,H. CORBATIN BRUNO CASSINI MODELO
MF12081/11-CO,H. CORBATIN BRUNO CASSINI MODELO
MF12081/12-CO,H. CORBATIN BRUNO CASSINI MODELO
MF12147/12-CO,H. CORBATIN BRUNO CASSINI MODELO
MF12150/4-FJ,SET CORBATIN + FAJA BRUNO CASSINI
MF12150/7-FJ,SET CORBATIN + FAJA BRUNO CASSINI
MF12161/8-CO,H. CORBATIN BRUNO CASSINI MODELO
MF12173/12-CO,H. CORBATIN BRUNO CASSINI MODELO
MF12173/8-CO,H. CORBATIN BRUNO CASSINI MODELO
MF12182/14-CO,H. CORBATIN BRUNO CASSINI MODELO
MF12182/15-CO,H. CORBATIN BRUNO CASSINI MODELO
MF12182/16-CO,H. CORBATIN BRUNO CASSINI MODELO
MF12182/9-CO,H. CORBATIN BRUNO CASSINI MODELO
MF12183/13-CO,H. CORBATIN BRUNO CASSINI MODELO
MF12183/2-CO,H. CORBATIN BRUNO CASSINI MODELO
MF12183/7-CO,H. CORBATIN BRUNO CASSINI MODELO
MF3870/1-CO,H. CORBATIN BRUNO CASSINI MODELO
MF3870/109-FJ,SET CORBATIN + FAJA BRUNO CASSINI
MF3870/115-CO,H. CORBATIN BRUNO CASSINI MODELO
MF3870/13-CO,H. CORBATIN BRUNO CASSINI MODELO
MF3870/19-FJ,SET CORBATIN + FAJA BRUNO CASSINI
MF3870/3-CO,H. CORBATIN P/CABALLERO CASSINI  VINO
MF3870/50-FJ,SET CORBATIN + FAJA BRUNO CASSINI
MF3870/68-CO,H. CORBATIN P/CABALLERO CASSINI ROJO
MF3870/69-FJ,SET CORBATIN + FAJA BRUNO CASSINI
MF3870/9-CO,H. CORBATIN BRUNO CASSINI MODELO
MF3870/97-FJ,SET CORBATIN + FAJA BRUNO CASSINI
MF3870/98-CO,H. CORBATIN P/CABALLERO CASSINI BLACK
MF3870/98-FJ,SET CORBATIN + FAJA BRUNO CASSINI
MF8997/11-7,H. CORBATA P/CABALLERO CASSINI BLUE
MF8997/35-7,H. CORBATA P/CABALLERO CASSINI BLUE
MMSL00425-FA430305-9024-46/S,SHIRT  PRINTED FABRIC MORATO STEEL GREY
MMSL00529-FA430374-6002-46/S,SHIRT  LONG SLEEVE  WITH VENT ON MORATO MULTCOLORE
MMSL00529-FA430374-6002-50/L,SHIRT  LONG SLEEVE  WITH VENT ON MORATO MULTCOLORE
MMSL00538-FA430367-7073-46/S,SHIRT  GOLD ON  PRINTED FABRIC MORATO BLUE INK
MMTR00498-FA800109-W00749-5065-36/50,PANT SKINNY  MARLON MORATO LIGHT PINK
MMTR00498-FA800109-W00749-5065-38/52,PANT SKINNY  MARLON MORATO LIGHT PINK
MMTR00498-FA800109-W00749-5065-40/54,PANT SKINNY  MARLON MORATO LIGHT PINK
MMTR00498-FA800109-W00749-7013-38/52,PANT SKINNY  MARLON MORATO BLUE POWDER
MMTR00498-W00749-5065-34/48,PANT SKINNY  MARLON MORATO LIGHT PINK
MO61281/350-CO,H. CORBATIN P/CABALLERO CASSINI NAVY
MODE019,VINO CANCILLER BLEND TTO 750CC
MP2336/T7020,JEANS DE HOMBRE 98% ALGODON 2% ELASTAN
MR-10845-1/7,CORBTA 7CM BLACK
MSK-BLACK,MASCARILLA P/PROTECCION BLACK CUERO
MSL00004/FA460002-5000,CAMISA CON CONTRASTE COTTON 87%NYLON 20%ELASTANO M/L
MSL00034/FA410001-2001,CAMISA ALGODON 100% M/L
MSL00177/FA400035-5020,CAMISA HOMBRE 100% ALGODON M/L
MSL00180/FA420042-5020,CAMISA TAPE INSIDE FRONT FLY M/L
MSL00180/FA420042-7029,CAMISA WITH TAPE INSIDE FRONT FLY M/L
MSL00191/FA470008-2025,CAMISA MANGA LARGA 76% ALGODON M/L
MTR00074/FA801007-5019,PANTALON SKINNY 98%ALG.2% ELASTANO/BOLSILLOS
MTR00074/FA801007-8012,PANTALON SKINNY 98%ALG.2% ELASTANO/BOLSILLOS
MTR00119/FA900054-4017,PANTALON DE HOMBRE 100% ALGODON
MTR082/FA7610W275-2025,PANTALON DE HOMBRE 98% ALGODON 2% ELASTANO
MTR082/FA7610W275-5019,PANTALON DE HOMBRE 98% ALGODON 2% ELASTANO
MTR082/FA7610W275-5020,PANTALON DE HOMBRE 98% ALGODON 2% ELASTANO
MTR082/FA7610W275-9015,PANTALON DE HOMBRE 98% ALGODON 2% ELASTANO
NODIM-DRIVER/7,JUST INDIMMABLE DRIVERS 7W
NX-BICHEK-03-14.5-S1,H. CAMISA P/S CUADROS BRUNO CASSINI 32-33
OCKB0800-010/M,H. POLO P/H M/C TRUE BLACK PENGUIN
OCKB0800-010/S,H. POLO P/H M/C TRUE BLACK PENGUIN
OCKB0800-413/L,H. POLO P/H M/C DARK SAPPHIRE PENGUIN
OCKB0800-413/M,H. POLO P/H M/C DARK SAPPHIRE PENGUIN
OCKB0800-413/XL,H. POLO P/H M/C DARK SAPPHIRE PENGUIN
OCKS0197-780/S,H. POLO P/H M/C CREAM GOLD PENGUIN
OMO0944-31,H. JEANS BUFFALO MAX
OPBB0099-250.OP/33,H. PANTALON P/CABALLERO KELP PENGUIN
OPBB0099-250.OP/34,H. PANTALON P/CABALLERO KELP PENGUIN
OPBB0099-250.OP/38,H. PANTALON P/CABALLERO KELP PENGUIN
OPBS5148-468.SH/31,BERMUDA P/CABALLERO PENGUIN
P1064/22-CO,H. CORBATIN BRUNO CASSINI MODELO
P1064/24-CO,H. CORBATIN BRUNO CASSINI MODELO
P1064/40-CO,H. CORBATIN BRUNO CASSINI MODELO
P1288/15-CO,H. CORBATIN BRUNO CASSINI MODELO
P1288/35-CO,H. CORBATIN BRUNO CASSINI MODELO
P1288/37-CO,H. CORBATIN P/CABALLERO CASSINI  ROJO
P1288/43-CO,H. CORBATIN BRUNO CASSINI MODELO
P1290/10-CO,H. CORBATIN BRUNO CASSINI MODELO
P1290/13-CO,H. CORBATIN BRUNO CASSINI MODELO
P1290/38-CO,H. CORBATIN BRUNO CASSINI MODELO
P1290/6-CO,H. CORBATIN BRUNO CASSINI MODELO
P645/33-CO,H. CORBATIN BRUNO CASSINI MODELO
P645/37-CO,H. CORBATIN BRUNO CASSINI MODELO
P645/42-CO,H. CORBATIN BRUNO CASSINI MODELO
P926/38-CO,H. CORBATIN BRUNO CASSINI MODELO
P929/11-CO,H. CORBATIN BRUNO CASSINI MODELO
PAN-AZL,PANUELO PARA HOMBRE - ACCESORIO AZUL LIGHT
PAN-BLACK,PANUELO PARA HOMBRE - ACCESORIO BLACK
PAN-GREEN,PANUELO PARA HOMBRE - ACCESORIO GREEN
PAN-GREY,PANUELO PARA HOMBRE - ACCESORIO GREY
PAN-NAVY,PANUELO PARA HOMBRE - ACCESORIO NAVY
PAN-RED,PANUELO PARA HOMBRE - ACCESORIO RED
PAN-SKY BLUE,PANUELO PARA HOMBRE - ACCESORIO SKY BLUE
PAN-SL-029,PAÑUELO ROSADO PUNTOS NEGROS
PAN-SL-033,PAÑUELO SALMON
PAN-SL-034,PAÑUELO NEGRO PUNTOS BLANCOS
PAN-WHITE,PANUELO PARA HOMBRE - ACCESORIO WHITE
PAN-WINE,PANUELO PARA HOMBRE - ACCESORIO WINE
PANT-AZULMARINO,PANTALON P/DAMA AZUL MARINO BRUNO CASSINI
PANT-CAFE,PANTALON P/DAMA CAFE
PANT-NEGRO,PANTALON P/DAMA NEGRO
PANT-PRISILA-S,PANTALON PRISILA
PANT-STANFO/L,M. PANTALON P/DAMA ROSA / BLANCO / CORAL
PANT-STANFO/M,M. PANTALON P/DAMA ROSA / BLANCO / CORAL
PB-7644-BK,M. CINTURONES P/DAMA BLACK
PBD-30120/4K,"FINISH: WHITE BORDER, ALUMINUM FRAME; SIZE:300*1200MM PANEL"
PBD-30120/6K,"FINISH: WHITE BORDER, ALUMINUM FRAME; SIZE:300*1200MM PANEL"
PBD-6060/4K,FINISH: WHITE BORDER; ALUMINUM FRAME; SIZE: 600*600MM PANEL
PBD-6060/6K,FINISH: WHITE BORDER; ALUMINUM FRAME; SIZE: 600*600MM PANEL
PIN-A01-AZN,PIN ACCESORIO P/CABALLEROS AZUL MARINO
PIN-A01-BL,PIN ACCESORIO P/CABALLEROS BLACK
PIN-A01-GR,PIN ACCESORIO P/CABALLEROS GREY
PIN-A01-GREEN,PIN ACCESORIO P/CABALLEROS GREEN
PIN-A01-GREEN-FOREST,PIN ACCESORIO P/CABALLEROS GREEN FOREST
PIN-A01-NVY,PIN ACCESORIO P/CABALLEROS NAVY
PIN-A01-RD,PIN ACCESORIO P/CABALLEROS RED
PIN-A01-SK1,PIN ACCESORIO P/CABALLEROS SKY BLUE
PIN-A01-VI,PIN ACCESORIO P/CABALLEROS VINO
PIN-A01-WH,PIN ACCESORIO P/CABALLEROS WHITE
PIN-B01-WH1,PIN P/DAMA ACCESORIO WHITE
PT-10036A-8-495/38,H. PANTALÓN P/CABALLERO BRUNO CASSINI PRUSSIAN BLUE
PT-2070-2/28,PANTALON P/CABALLERO BRUNO CASSINI
PT-24C29918-16/38,H. PANTALON P/TERNO BRUNO CASSINI
PT-24E2712-3/36,PANTALON P/CABALLERO BRUNO CASSINI AZUL
PT-24E510097-5/46,H. PANTALON BIG SIZE BRUNO CASSINI AZUL
PT-25B231291-24/34,PANTALON P/CABALLERO BRUNO CASSINI WINE
PT-25C29118-10/32,H. PANTALON P/CABALLERO BRUNO CASSINI LT. BROWN
PT-25C29118-13/38,H. PANTALON P/CABALLERO BRUNO CASSINI NAVY
PT-312010-4/44,H. PANTALON P/CABALLERO BRUNO CASSINI NEGRO
PT-3742-1/20,PANTALON BRUNO CASSINI NIÑO
PT-3803/50/46,PANTALON BRUNO CASSINI
PT-9A700112-3/40,PANTALON DE CABALLERO BC
PT-CV-B90-001HGR/S,H. PANTALON P/CABALLERO CARVEN
PT-CV-B90-002GU/S,H. PANTALON P/CABALLERO CARVEN
PT-CV-B90-002WI/S,H. PANTALON P/CABALLERO CARVEN
PT-NIÑO/20,PANTALON DE NIÑO
PT-RS3688-BLK/M-L,PANTALON DE TERNO P/DAMA BRUNO CASSINI
PT-TL-10-400B-AZN/38,PANTALON P/H 65% PL 35% VISC
PT-TL-10-656C/50,PANTALON DE CABALLERO
PUL19-09-10,ACCESORIO - 2019-09
PV-42,PANTALONETA DE NINO SOLEI
PX-NZTD-30,LED DOWN LIGHT 30W 6000-6500K
PX-PBD-6S/4K,"SQUARED, RECESED MOUNT PANEL LIGHT 12W 4000 - 4500K"
PX-PBD-6S/6K,"SQUARED, RECESED MOUNT PANEL LIGHT 12W  6000 - 6500K"
PX-PBD-8S/4K,LUCES SQUARED RECESED MOUNT PANEL LIGTH 18W 4000-4500 K
PX-PBD-8S/6K,LUCES SQUARED RECESED MOUNT PANEL LIGTH 18W  6000-5000K
PX-TGD01/30W,FLLOD LIGHT; BLACK FIXTURE  30W 6000-6500K
PX-TGD01/50-3K,FLOOD LIGHT; BLACK FIXTURE  50W 3000K
PX-TGD01/50W,FLOOD LIGHT; BLACK FIXTURE  50W 6000-6500K
PX-TGD03-200,FLOOD LIGHT BLACK FIXTURE
R719-LI/M,M. PANTALON P/DAMAS LILA
R719-LI/S,M. PANTALON P/DAMAS LILA
R759-FU/L,M. PANTALON P/DAMAS FUCSIA
R759-FU/S,M. PANTALON P/DAMAS FUCSIA
REF-CLARA-VE/M,M. VESTIDO MOPA VERDE
REF-ELENA-AZ/M,M. VESTIDO MOPA AZUL
REF-MARGARITA-RJ/S,M. VESTIDO MOPA ESTAMPADO ROJO
RL-BL-14.5-S1,H. CAMISA P/CABALLERO P/S LIGHT BLUE 32-33 BRUNO CASSINI
S297/390-CO,H. CORBATIN BRUNO CASSINI MODELO
S299/306-CO,H. CORBATIN BRUNO CASSINI MODELO
S299/330-CO,H. CORBATIN BRUNO CASSINI MODELO
S299/349-FJ,SET CORBATIN + FAJA BRUNO CASSINI
S299/395-CO,H. CORBATIN BRUNO CASSINI MODELO
S301/321-CO,H. CORBATIN BRUNO CASSINI MODELO
S301/352-FJ,SET CORBATIN + FAJA BRUNO CASSINI
S301/359-FJ,SET CORBATIN + FAJA BRUNO CASSINI
SABI-FIESTA-38,M. CARTERA DE FIESTA VARIOS MD
SD040-2B-CH/8,BOY SUIT SET CHARCOAL
SET-CHARLOTTE/S,"SET CHARLOTTE, VERDE T.S"
SET-LUCERO-N/S,M. SET P/DAMA PISTACHIO LUCERO
SET-MEG-YLW-L,SET MEGHAN YELLOW
SET-MILI-NARA-BL/M,M. SET P/DAMA ARENA MILI NARA
SH-ML-RAZ/M,M. SHORT MILANO RAYAS AZUL
SH-ML-RAZ/S,M. SHORT MILANO RAYAS AZUL
SHORT-CAIRO /M,SHORT LINO P/DAMA BEIGE / LADRILLO /NEGRO /VERDE ESTAMP
SL-BLACK,H. CORBATA P/CABALLEROS BLACK
SL-BLUE,H. CORBATA P/CABALLEROS BLUE
SL-DGREY,H. CORBATA P/CABALLEROS DARK GREY
SL-GRAY,H. CORBATA P/CABALLEROS GREY
SL-GREEN,H. CORBATA P/CABALLEROS GREEN
SL-NAVY,H. CORBATA P/CABALLEROS NAVY
SL-RED,H. CORBATA P/CABALLEROS RED
SL-SKBL,H. CORBATA P/CABALLEROS SKY BLUE
SL-WINE,H. CORBATA P/CABALLEROS WINE
SM9P9509,DOCKER KENNETH COLE NEGRO/KAKI/BEIGE
SOCKS-BLACK,MEDIAS BRUNO CASSINI BLACK X 3
SOCKS/BGE- KAC-BRW,MEDIAS BRUNO CASSINI BEIGE - KACKY - BROWN X 3
SOCKS/NVY-LGRY-SGRY,MEDIAS BRUNO CASSINI NAVY - LGREY - D GREY X 3
SS23101-01-15.5-S1,H. CAMISA P/S BRUNO CASSINI WHITE 32-33
SS23101-01-15.5-S2,H. CAMISA P/S BRUNO CASSINI WHITE 34-35
SS23101-02-16-S2,H. CAMISA P/S BRUNO CASSINI SKY BLUE 34-35
SUSPENDER-MEN/GR,SUSPENDER FOR MEN VARIOS MODELOS GREY
SUSPENDER-MEN/NV,SUSPENDER FOR MEN VARIOS MODELOS NAVY
SUSPENDER-MEN/RE,SUSPENDER FOR MEN VARIOS MODELOS RED
SUSPENDER-MEN/VN,SUSPENDER FOR MEN VARIOS MODELOS VINO
T1005B-FUC-SEP/L,M. CAMISA P/DAMA FUCHSIA
TGD03-150,BLACK FIXTURE FLOOD LIGTH 150W - 6000K
TJ-BA-ROJO1,TRAJE DE BAÑO 1 PIEZA P/DAMA PATO BOHEMIAN ROJO
TL-10-500C.56,H. TERNO P/CABALLERO XL TED LAPIDUS CHARCOAL
TL-10-500C.60,H. TERNO P/CABALLERO XL TED LAPIDUS CHARCOAL
TL-10-656A/56,H. TERNO P/CABALLERO XL TED LAPIDUS BLACK
TL-10-658B/58,H. TERNO P/CABALLERO XL TED LAPIDUS  REGULAR NAVY
TL-10-658C/58,H. TERNO P/CABALLERO XL TED LAPIDUS CHARCOAL
TL-20-500C/36,H. PANTALON P/CABALLERO CHARCOAL TED LAPIDUS
TL-E10-1008B/36,H. TERNO TED LAPIDUS P/CABALLERO ROYAL
TL-X25-502B.A/L,H. BERMUDA P/HOMBRE TED LAPIDUS NAVY
TL-X25-502B.A/M,H. BERMUDA P/HOMBRE TED LAPIDUS NAVY
TL-X25-502B.A/S,H. BERMUDA P/HOMBRE TED LAPIDUS NAVY
TL-X25-502B.A/XL,H. BERMUDA P/HOMBRE TED LAPIDUS NAVY
TL-X25-502C.A/L,H. BERMUDA P/HOMBRE TED LAPIDUS KHAKI
TL-X25-502C.A/M,H. BERMUDA P/HOMBRE TED LAPIDUS KHAKI
TL-X25-502C.A/S,H. BERMUDA P/HOMBRE TED LAPIDUS KHAKI
TL-X25-502C.A/XL,H. BERMUDA P/HOMBRE TED LAPIDUS KHAKI
TL-X25-502J.A/L,H. BERMUDA P/HOMBRE TED LAPIDUS BLACK
TL-X25-502J.A/M,H. BERMUDA P/HOMBRE TED LAPIDUS BLACK
TL-X25-502J.A/XL,H. BERMUDA P/HOMBRE TED LAPIDUS BLACK
TL-X25-505B.A/30,H. BERMUDA P/HOMBRE TED LAPIDUS NAVY
TL-X25-505B.A/34,H. BERMUDA P/HOMBRE TED LAPIDUS NAVY
TL-X25-505B.A/36,H. BERMUDA P/HOMBRE TED LAPIDUS NAVY
TL-X25-505B.A/40,H. BERMUDA P/HOMBRE TED LAPIDUS NAVY
TL-X25-505D.A/30,H. BERMUDA P/HOMBRE TED LAPIDUS KHAKI
TL-X25-505D.A/32,H. BERMUDA P/HOMBRE TED LAPIDUS KHAKI
TL-X25-506.A/38,H. BERMUDA P/HOMBRE TED LAPIDUS WHITE
TL-X25-509.A/32,H. BERMUDA P/HOMBRE TED LAPIDUS KHAKI
TL-X25-509.A/36,H. BERMUDA P/HOMBRE TED LAPIDUS KHAKI
TL-X25-509.A/38,H. BERMUDA P/HOMBRE TED LAPIDUS KHAKI
TL60X120VA,TOALLA 60 X 120 VERDE ACEITUNA
TL60X120VI,TOALLA 60 X 120 VINO
VE-ANTONIA-CONSIG/L,VESTIDO ESTAMPADO FUCSIA
VE-ARIADNA-BGE/S,VESTIDO ARIADNA BEIGE
VE-DESTELLO/S,M. VESTIDO AZUL DESTELLO
VE-ELA-LI-L,VESTIDO ELA LILA
VE-GINB-FUC/L,VESTIDO GINEBRA FUCSIA
VE-HEIDY-CONSIG/L,VESTIDO AZUL REY
VE-ISA-RJ/M,M. VESTIDO P/DAMA ISA ROJO AZUL
VE-KATYA-AZ/XL,VESTIDO KATYA AZUL
VE-KATYA-PK/L,VESTIDO KATYA PINK
VE-KAYLA N/L,M. VESTIDO P/DAMA ROSA PISTACHO / BLANCO
VE-KAYLA N/M,M. VESTIDO P/DAMA ROSA PISTACHO / BLANCO
VE-KAYLA N/S,M. VESTIDO P/DAMA ROSA PISTACHO / BLANCO
VE-MADISON-VE/S,M. VESTIDO P/DAMA MADISON VERDE
VE-MAIA-LNT-GRN/M,VESTIDO LENTEJUELA MAIA GREEN
VE-MILENAG-GRN/M,VESTIDO MILENA GREEN
VE-PASSION-BL-A/10,VESTIDO PASSION BLACK COLA LATERAL
VE-PASSION-DRO/8,VESTIDO PASSION DUST ROSE
VE-PASSION-ESL/10,VESTIDO PASSION ESMERALDA LENTEJUELA
VE-PASSION-OL/8,VESTIDO PASSION OLIVE
VE-PAULINA-MAG-S,VESTIDO PAULINA MAGENTA
VE-STELA-AZ/L,VESTIDO STELA AZUL
VE-YESICA-NA/M,M. VESTIDO YESICA P/DAMA NARANJA
VE-YESICA-WH/L,M. VESTIDO P/DAMA YESICA BLANCO
VEST-ANAST-BGE/M,VESTIDO ANASTACIA BEIGE
VEST-ROSE-BL/S,VESTIDO MOPA 2023-2 BLACK
YKLTB-SQ10+2W/WHT,3 STEP GLASS DOWN LIGHT -SQUARE WHITE
YKLTB-SQ15+3W/WHT,3 STEP GLASS DOWN LIGHT -SQUARE WHITE
Z-1759SIUK-AZ/38,M. ZAPATOS P/DAMA SIUK AZUL
Z-2836-DFV-NA/38,M. ZAPATOS P/DAMA NARANJA DFV
Z-2839DFV-NE/38,M. ZAPATOS P/DAMA NEGRO DFV
Z-3021LAMO-NE/38,M. ZAPATOS P/DAMA NEGRO LA MODA
Z-3125-PL-36,M. ZAPATO P/DAMA PLATA DFV
Z-3130-PL-38,M. ZAPATO P/DAMA PLATA DFV
Z-5325CLAPE-MO/38,M. ZAPATOS P/DAMA MORADO CLAPE
Z2625-NEGRO-8,ZAPATO NEGRO
ZMTR-25,ZOOMABLE TRACK LIGHT WHITE FXTURE 25W - 3000K
ZP-GAM-OL-S/F-CASSINI/8,H. ZAPATOS P/CABALLERO S/F BRUNO CASSINI
ZP-HJVB-GAM-GR/42,ZAPATOS P/CABALLERO GAMUZA GRIS
