Internal Reference,Barcode,Product Template Name,Attempted Variant Values,Reason
SL-RED,SL-RED,H. CORBATA P/CABALLEROS RED,,No attribute values parsed
SL-WINE,SL-WINE,H. CORBATA P/CABALLEROS WINE,,No attribute values parsed
SL-GRAY,SL-GRAY,H. CORBATA P/CABALLEROS GREY,,No attribute values parsed
SL-DGREY,SL-DGREY,H. CORBATA P/CABALLEROS DARK GREY,,No attribute values parsed
SL-GREEN,SL-GREEN,H. CORBATA P/CABALLEROS GREEN,,No attribute values parsed
SL-SKBL,SL-SKBL,H. CORBATA P/CABALLEROS SKY BLUE,,No attribute values parsed
SL-BLUE,SL-BLUE,H. CORBATA P/CABALLEROS BLUE,,No attribute values parsed
SL-NAVY,SL-NAVY,H. CORBATA P/CABALLEROS NAVY,,No attribute values parsed
SL-BLACK,SL-BLACK,H. CORBATA P/CABALLEROS BLACK,,No attribute values parsed
CAR-CH-NVY,CAR-CH-NVY,CARTERA CAROLINA HERRERA NAVY,,No attribute values parsed
CAR-GUESS-BL,CAR-GUESS-BL,CARTERA GUESS BLACKL LINE,,No attribute values parsed
CAR-GUESS-RD,CAR-GUESS-RD,CARTERA GUESS RED,,No attribute values parsed
CAR-COACH-BL,CAR-COACH-BL,CARTERA COACH BLACK DE MANO,,No attribute values parsed
GEM-HUBLOT-BLK,GEM-HUBLOT-BLK,GEMELOS HUBLOT BLACK,,No attribute values parsed
SL-084,SL-084,H CORBATA P/CABALLERO NAVY LABRADO PUNTO,Ancho Corbata: 84 cm,All attribute values rejected — not in Odoo catalog
SL-083,SL-083,H CORBATA P/CABALLERO NAVY LABRADO PUNTO,Ancho Corbata: 83 cm,All attribute values rejected — not in Odoo catalog
SL-082,SL-082,H CORBATA P/CABALLERO NAVY LABRADO PUNTO,Ancho Corbata: 82 cm,All attribute values rejected — not in Odoo catalog
SL-081,SL-081,H CORBATA P/CABALLERO NAVY LABRADO PUNTO,Ancho Corbata: 81 cm,All attribute values rejected — not in Odoo catalog
SL-080,SL-080,H CORBATA P/CABALLERO NAVY LABRADO PUNTO,Ancho Corbata: 80 cm,All attribute values rejected — not in Odoo catalog
SL-079,SL-079,H CORBATA P/CABALLERO NAVY LABRADO PUNTO,Ancho Corbata: 79 cm,All attribute values rejected — not in Odoo catalog
SL-078,SL-078,H CORBATA P/CABALLERO NAVY LABRADO PUNTO,Ancho Corbata: 78 cm,All attribute values rejected — not in Odoo catalog
SL-077,SL-077,H CORBATA P/CABALLERO NAVY LABRADO PUNTO,Ancho Corbata: 77 cm,All attribute values rejected — not in Odoo catalog
SL-076,SL-076,H CORBATA P/CABALLERO NAVY LABRADO PUNTO,Ancho Corbata: 76 cm,All attribute values rejected — not in Odoo catalog
SL-075,SL-075,H CORBATA P/CABALLERO NAVY LABRADO PUNTO,Ancho Corbata: 75 cm,All attribute values rejected — not in Odoo catalog
SL-074,SL-074,H CORBATA P/CABALLERO NAVY LABRADO PUNTO,Ancho Corbata: 74 cm,All attribute values rejected — not in Odoo catalog
SL-073,SL-073,H CORBATA P/CABALLERO NAVY LABRADO PUNTO,Ancho Corbata: 73 cm,All attribute values rejected — not in Odoo catalog
SL-072,SL-072,H CORBATA P/CABALLERO NAVY LABRADO PUNTO,Ancho Corbata: 72 cm,All attribute values rejected — not in Odoo catalog
SL-071,SL-071,H CORBATA P/CABALLERO NAVY LABRADO PUNTO,Ancho Corbata: 71 cm,All attribute values rejected — not in Odoo catalog
SL-070,SL-070,H CORBATA P/CABALLERO NAVY LABRADO PUNTO,Ancho Corbata: 70 cm,All attribute values rejected — not in Odoo catalog
SL-069,SL-069,H CORBATA P/CABALLERO NAVY LABRADO PUNTO,Ancho Corbata: 69 cm,All attribute values rejected — not in Odoo catalog
SL-068,SL-068,H CORBATA P/CABALLERO NAVY LABRADO PUNTO,Ancho Corbata: 68 cm,All attribute values rejected — not in Odoo catalog
SL-067,SL-067,H CORBATA P/CABALLERO NAVY LABRADO PUNTO,Ancho Corbata: 67 cm,All attribute values rejected — not in Odoo catalog
SL-066,SL-066,H CORBATA P/CABALLERO NAVY LABRADO PUNTO,Ancho Corbata: 66 cm,All attribute values rejected — not in Odoo catalog
SL-065,SL-065,H CORBATA P/CABALLERO NAVY LABRADO PUNTO,Ancho Corbata: 65 cm,All attribute values rejected — not in Odoo catalog
SL-064,SL-064,H CORBATA P/CABALLERO NAVY LABRADO PUNTO,Ancho Corbata: 64 cm,All attribute values rejected — not in Odoo catalog
SL-063,SL-063,H CORBATA P/CABALLERO NAVY LABRADO PUNTO,Ancho Corbata: 63 cm,All attribute values rejected — not in Odoo catalog
SL-062,SL-062,H CORBATA P/CABALLERO NAVY LABRADO PUNTO,Ancho Corbata: 62 cm,All attribute values rejected — not in Odoo catalog
SL-061,SL-061,H CORBATA P/CABALLERO NAVY LABRADO PUNTO,Ancho Corbata: 61 cm,All attribute values rejected — not in Odoo catalog
SL-060,SL-060,H CORBATA P/CABALLERO NAVY LABRADO PUNTO,Ancho Corbata: 60 cm,All attribute values rejected — not in Odoo catalog
SL-059,SL-059,H CORBATA P/CABALLERO NAVY LABRADO PUNTO,Ancho Corbata: 59 cm,All attribute values rejected — not in Odoo catalog
SL-058,SL-058,H CORBATA P/CABALLERO NAVY LABRADO PUNTO,Ancho Corbata: 58 cm,All attribute values rejected — not in Odoo catalog
SL-057,SL-057,H CORBATA P/CABALLERO NAVY LABRADO PUNTO,Ancho Corbata: 57 cm,All attribute values rejected — not in Odoo catalog
SL-056,SL-056,H CORBATA P/CABALLERO NAVY LABRADO PUNTO,Ancho Corbata: 56 cm,All attribute values rejected — not in Odoo catalog
SL-055,SL-055,H CORBATA P/CABALLERO NAVY LABRADO PUNTO,Ancho Corbata: 55 cm,All attribute values rejected — not in Odoo catalog
SL-054,SL-054,H CORBATA P/CABALLERO NAVY LABRADO PUNTO,Ancho Corbata: 54 cm,All attribute values rejected — not in Odoo catalog
SL-053,SL-053,H CORBATA P/CABALLERO NAVY LABRADO PUNTO,Ancho Corbata: 53 cm,All attribute values rejected — not in Odoo catalog
SL-052,SL-052,H CORBATA P/CABALLERO NAVY LABRADO PUNTO,Ancho Corbata: 52 cm,All attribute values rejected — not in Odoo catalog
CAR-GUESS-RO-BLK,CAR-GUESS-RO-BLK,CARTERA GUESS BLACK,,No attribute values parsed
SL-051,SL-051,H CORBATA P/CABALLERO NAVY LABRADO PUNTO,Ancho Corbata: 51 cm,All attribute values rejected — not in Odoo catalog
PAN-SL-029,PAN-SL-029,PAÑUELO ROSADO PUNTOS NEGROS,Talla: 029,All attribute values rejected — not in Odoo catalog
SL-015,SL-015,H CORBATA P/CABALLERO NAVY LABRADO PUNTO,Ancho Corbata: 15 cm,All attribute values rejected — not in Odoo catalog
SL-029,SL-029,H CORBATA P/CABALLERO NAVY LABRADO PUNTO,Ancho Corbata: 29 cm,All attribute values rejected — not in Odoo catalog
SL-014,SL-014,H CORBATA P/CABALLERO NAVY LABRADO PUNTO,Ancho Corbata: 14 cm,All attribute values rejected — not in Odoo catalog
SL-027,SL-027,H CORBATA P/CABALLERO NAVY LABRADO PUNTO,Ancho Corbata: 27 cm,All attribute values rejected — not in Odoo catalog
SL-035,SL-035,H CORBATA P/CABALLERO NAVY LABRADO PUNTO,Ancho Corbata: 35 cm,All attribute values rejected — not in Odoo catalog
SL-026,SL-026,H CORBATA P/CABALLERO NAVY LABRADO PUNTO,Ancho Corbata: 26 cm,All attribute values rejected — not in Odoo catalog
SL-046,SL-046,H CORBATA P/CABALLERO NAVY LABRADO PUNTO,Ancho Corbata: 46 cm,All attribute values rejected — not in Odoo catalog
SL-045,SL-045,H CORBATA P/CABALLERO NAVY LABRADO PUNTO,Ancho Corbata: 45 cm,All attribute values rejected — not in Odoo catalog
SL-048,SL-048,H CORBATA P/CABALLERO NAVY LABRADO PUNTO,Ancho Corbata: 48 cm,All attribute values rejected — not in Odoo catalog
SL-049,SL-049,H CORBATA P/CABALLERO NAVY LABRADO PUNTO,Ancho Corbata: 49 cm,All attribute values rejected — not in Odoo catalog
SL-050,SL-050,H CORBATA P/CABALLERO NAVY LABRADO PUNTO,Ancho Corbata: 50 cm,All attribute values rejected — not in Odoo catalog
SL-038,SL-038,H CORBATA P/CABALLERO NAVY LABRADO PUNTO,Ancho Corbata: 38 cm,All attribute values rejected — not in Odoo catalog
SL-039,SL-039,H CORBATA P/CABALLERO NAVY LABRADO PUNTO,Ancho Corbata: 39 cm,All attribute values rejected — not in Odoo catalog
SL-042,SL-042,H CORBATA P/CABALLERO NAVY LABRADO PUNTO,Ancho Corbata: 42 cm,All attribute values rejected — not in Odoo catalog
SL-036,SL-036,H CORBATA P/CABALLERO NAVY LABRADO PUNTO,Ancho Corbata: 36 cm,All attribute values rejected — not in Odoo catalog
SL-037,SL-037,H CORBATA P/CABALLERO NAVY LABRADO PUNTO,Ancho Corbata: 37 cm,All attribute values rejected — not in Odoo catalog
SL-034,SL-034,H CORBATA P/CABALLERO NAVY LABRADO PUNTO,Ancho Corbata: 34 cm,All attribute values rejected — not in Odoo catalog
SL-041,SL-041,H CORBATA P/CABALLERO NAVY LABRADO PUNTO,Ancho Corbata: 41 cm,All attribute values rejected — not in Odoo catalog
SL-040,SL-040,H CORBATA P/CABALLERO NAVY LABRADO PUNTO,Ancho Corbata: 40 cm,All attribute values rejected — not in Odoo catalog
SL-047,SL-047,H CORBATA P/CABALLERO NAVY LABRADO PUNTO,Ancho Corbata: 47 cm,All attribute values rejected — not in Odoo catalog
SL-044,SL-044,H CORBATA P/CABALLERO NAVY LABRADO PUNTO,Ancho Corbata: 44 cm,All attribute values rejected — not in Odoo catalog
SL-043,SL-043,H CORBATA P/CABALLERO NAVY LABRADO PUNTO,Ancho Corbata: 43 cm,All attribute values rejected — not in Odoo catalog
SL-011,SL-011,H CORBATA P/CABALLERO NAVY LABRADO PUNTO,Ancho Corbata: 11 cm,All attribute values rejected — not in Odoo catalog
SL-028,SL-028,H CORBATA P/CABALLERO NAVY LABRADO PUNTO,Ancho Corbata: 28 cm,All attribute values rejected — not in Odoo catalog
SL-032,SL-032,H CORBATA P/CABALLERO NAVY LABRADO PUNTO,Ancho Corbata: 32 cm,All attribute values rejected — not in Odoo catalog
SL-033,SL-033,H CORBATA P/CABALLERO NAVY LABRADO PUNTO,Ancho Corbata: 33 cm,All attribute values rejected — not in Odoo catalog
SL-019,SL-019,H CORBATA P/CABALLERO NAVY LABRADO PUNTO,Ancho Corbata: 19 cm,All attribute values rejected — not in Odoo catalog
SL-022,SL-022,H CORBATA P/CABALLERO NAVY LABRADO PUNTO,Ancho Corbata: 22 cm,All attribute values rejected — not in Odoo catalog
SL-031,SL-031,H CORBATA P/CABALLERO NAVY LABRADO PUNTO,Ancho Corbata: 31 cm,All attribute values rejected — not in Odoo catalog
SL-013,SL-013,H CORBATA P/CABALLERO NAVY LABRADO PUNTO,Ancho Corbata: 13 cm,All attribute values rejected — not in Odoo catalog
SL-012,SL-012,H CORBATA P/CABALLERO NAVY LABRADO PUNTO,Ancho Corbata: 12 cm,All attribute values rejected — not in Odoo catalog
SL-016,SL-016,H CORBATA P/CABALLERO NAVY LABRADO PUNTO,Ancho Corbata: 16 cm,All attribute values rejected — not in Odoo catalog
SL-025,SL-025,H CORBATA P/CABALLERO NAVY LABRADO PUNTO,Ancho Corbata: 25 cm,All attribute values rejected — not in Odoo catalog
SL-030,SL-030,H CORBATA P/CABALLERO NAVY LABRADO PUNTO,Ancho Corbata: 30 cm,All attribute values rejected — not in Odoo catalog
SL-020,SL-020,H CORBATA P/CABALLERO NAVY LABRADO PUNTO,Ancho Corbata: 20 cm,All attribute values rejected — not in Odoo catalog
SL-021,SL-021,H CORBATA P/CABALLERO NAVY LABRADO PUNTO,Ancho Corbata: 21 cm,All attribute values rejected — not in Odoo catalog
SL-017,SL-017,H CORBATA P/CABALLERO NAVY LABRADO PUNTO,Ancho Corbata: 17 cm,All attribute values rejected — not in Odoo catalog
SL-018,SL-018,H CORBATA P/CABALLERO NAVY LABRADO PUNTO,Ancho Corbata: 18 cm,All attribute values rejected — not in Odoo catalog
PAN-SL-033,PAN-SL-033,PAÑUELO ROSADO PUNTOS NEGROS,Talla: 033,All attribute values rejected — not in Odoo catalog
PAN-SL-034,PAN-SL-034,PAÑUELO ROSADO PUNTOS NEGROS,Talla: 034,All attribute values rejected — not in Odoo catalog
SL-023,SL-023,H CORBATA P/CABALLERO NAVY LABRADO PUNTO,Ancho Corbata: 23 cm,All attribute values rejected — not in Odoo catalog
SL-024,SL-024,H CORBATA P/CABALLERO NAVY LABRADO PUNTO,Ancho Corbata: 24 cm,All attribute values rejected — not in Odoo catalog
SL-008,SL-008,H CORBATA P/CABALLERO NAVY LABRADO PUNTO,Ancho Corbata: 8 cm,All attribute values rejected — not in Odoo catalog
SL-009,SL-009,H CORBATA P/CABALLERO NAVY LABRADO PUNTO,Ancho Corbata: 9 cm,All attribute values rejected — not in Odoo catalog
SL-010,SL-010,H CORBATA P/CABALLERO NAVY LABRADO PUNTO,Ancho Corbata: 10 cm,All attribute values rejected — not in Odoo catalog
SL-001,SL-001,H CORBATA P/CABALLERO NAVY LABRADO PUNTO,Ancho Corbata: 1 cm,All attribute values rejected — not in Odoo catalog
SL-005,SL-005,H CORBATA P/CABALLERO NAVY LABRADO PUNTO,Ancho Corbata: 5 cm,All attribute values rejected — not in Odoo catalog
SL-002,SL-002,H CORBATA P/CABALLERO NAVY LABRADO PUNTO,Ancho Corbata: 2 cm,All attribute values rejected — not in Odoo catalog
SL-003,SL-003,H CORBATA P/CABALLERO NAVY LABRADO PUNTO,Ancho Corbata: 3 cm,All attribute values rejected — not in Odoo catalog
SL-004,SL-004,H CORBATA P/CABALLERO NAVY LABRADO PUNTO,Ancho Corbata: 4 cm,All attribute values rejected — not in Odoo catalog
AR-25,AR-25,ARETES P/DAMA V. MODELOS,Talla: 25,All attribute values rejected — not in Odoo catalog
CAR-COACH-BLK,CAR-COACH-BLK,CARTERA COACH BLACK,,No attribute values parsed
CAR-SM-BLK,CAR-SM-BLK,CARTERA STEVEN MADDEN BLACK,,No attribute values parsed
CAR-CH-BLK,CAR-CH-BLK,CARTERA CAROLINA HERRERA BLACK,,No attribute values parsed
CAR-GUESS-BLK,CAR-GUESS-BLK,CARTERA GUESS BLACK (car_guess_blk),,No attribute values parsed
PAN-AZL,PAN-AZL,PANUELO PARA HOMBRE - ACCESORIO AZUL LIGHT,,No attribute values parsed
CORREA-VN-LISA,CORREA-VN-LISA,CORREAS CINT CUE BR #35 VINO LISO,,No attribute values parsed
142980,142980,SPOT 30 WATT BLANCO 3000K,,No attribute values parsed
142108,142108,SPOT 30 WATT BLANCO 4000K,,No attribute values parsed
GEM-ROLEX-BLK,GEM-ROLEX-BLK,GEMELOS ROLEX BLACK,,No attribute values parsed
GEM-MONT BLANC-BLK,GEM-MONT BLANC-BLK,GEMELOS MONT BLANC BLACK,,No attribute values parsed
LV-SMOKING,LV-SMOKING,LEVA SMOKING 1 BOTON BRUNO CASSINI NEGRO,,No attribute values parsed
CHA-MILANO BEIGE-4XL,CHA-MILANO BEIGE-4XL,CHALECO MILANO BEIGE,,No attribute values parsed
PANT-MILANO BEIGE-4XL,PANT-MILANO BEIGE-4XL,PANTALON ELEGANTE MILANO BEIGE,,No attribute values parsed
LBPC-B03-101X-WH/1XL,7448334792742,H. CAMISA LONG BEACH M/C BIG SIZE P/C WHITE,,No attribute values parsed
LBPC-B03-101X-WH/2XL,7448334633601,H. CAMISA LONG BEACH M/C BIG SIZE P/C WHITE (lbpc_b03_101x_wh_2xl),,No attribute values parsed
LBPC-B03-101X-WH/3XL,7448332857801,H. CAMISA LONG BEACH M/C BIG SIZE P/C WHITE (lbpc_b03_101x_wh_3xl),,No attribute values parsed
ERN-SABAT-10-19.S2,ERN-SABAT-10-19.S2,H. CAMISA P/S BIG SIZE BRUNO CASSINI BLACK 34-35 (ern_sabat_10_19_s2),,No attribute values parsed
ERN-SABAT-10-19.5.S1,ERNSABAT1019.5.S1,H. CAMISA P/S BIG SIZE BRUNO CASSINI BLACK 32-33,,No attribute values parsed
PUL-25,PUL-25,PULSERA DE DAMAS,Talla: 25,All attribute values rejected — not in Odoo catalog
Z-3125-PL-39,Z-3125-PL-39,M. ZAPATO P/DAMA PLATA DFV,Talla: 39,All attribute values rejected — not in Odoo catalog
Z-3125-PL-37,Z-3125-PL-37,M. ZAPATO P/DAMA PLATA DFV,Talla: 37,All attribute values rejected — not in Odoo catalog
Z-3130-PL-37,Z-3130-PL-37,M. ZAPATO P/DAMA PLATA DFV (z_3130_pl),Talla: 37,All attribute values rejected — not in Odoo catalog
JEANS-431F309N/4,JEANS-431F309N/O4,Terno JEANS-431F309N,Talla: 4,All attribute values rejected — not in Odoo catalog
CAR-FENDI-125#,CFEND125#,CARTERA FENDI LILA-GRIS,,No attribute values parsed
PANT-BRUNO CASSINI,PANT-BRUNO CASSINI,PANTALON BRUNO CASSINI,,No attribute values parsed
LBPC-B03-102X-WH/3XL,7448354392342,H. CAMISA LONG BEACH M/C BIG SIZE P/C WHITE (lbpc_b03_102x_wh_3xl),,No attribute values parsed
LBPC-B03-102X-WH/2XL,7448339352392,H. CAMISA LONG BEACH M/C BIG SIZE P/C WHITE (lbpc_b03_102x_wh_2xl),,No attribute values parsed
LBPC-B03-102X-WH/1XL,7448343493401,H. CAMISA LONG BEACH M/C BIG SIZE P/C WHITE (lbpc_b03_102x_wh_1xl),,No attribute values parsed
MF3870/68-CO,MF3870/O68-CO,Corbatín MF3870/68,,No attribute values parsed
T1653,T1653,BLUSA TWIST FRONT SATIN ROJO,,No attribute values parsed
T1532,T1532,TOP-BLACK P/DAMAS,,No attribute values parsed
R679,R679,PANTALON NEGRO - FUSHA S-M-L,,No attribute values parsed
ANTIFAZ,ANTIFAZ,ANTIFAZ NEGRO,,No attribute values parsed
CUWF2104-BW-C/3XL,7448332368314,H. CAMISA P/H M/C 100% LINO BRIGHT WHITE 3XL,,No attribute values parsed
MODE019,MODE019,VINO CANCILLER BLEND TTO 750CC,,No attribute values parsed
CIN-C-GR,CIN-C-GR,H. CINTURON P/CABALLERO ELASTIC GRIS,,No attribute values parsed
CIN-C-ML,CIN-C-ML,H. CINTURON P/CABALLERO ELASTIC MIEL,Talla: ML,All attribute values rejected — not in Odoo catalog
CIN-C-CA,CIN-C-CA,H. CINTURON P/CABALLERO ELASTIC CAFE,,No attribute values parsed
CIN-C-NE,CIN-C-NE,H. CINTURON P/CABALLERO ELASTIC NEGRO,,No attribute values parsed
CIN-C-BG,CIN-C-BG,H. CINTURON P/CABALLERO ELASTIC BEIGE,,No attribute values parsed
CIN-C-NV,CIN-C-NV,H. CINTURON P/CABALLERO ELASTIC NAVY,,No attribute values parsed
ARM-002,ARM-002,ARMADOR PARA CAMISAS,Talla: 002,All attribute values rejected — not in Odoo catalog
CAJ-001,CAJ-001,CAJA PARA ZAPATOS BRUNO CASSINI,Talla: 001,All attribute values rejected — not in Odoo catalog
DI-VAL-942/84-37,DI-VAL-942/O84-37,ZAPATOS P/DAMA DI VALENTINA NARANJA,Talla: 37,All attribute values rejected — not in Odoo catalog
DI-VAL-942/82-37,DI-VAL-942/O82-37,ZAPATOS P/DAMA DI VALENTINA NEGRO,Talla: 37,All attribute values rejected — not in Odoo catalog
DI-VAL-942/83-37,DI-VAL-942/O83-37,ZAPATOS P/DAMA DI VALENTINA BLANCO,Talla: 37,All attribute values rejected — not in Odoo catalog
DI-VAL-942/164-37,DI-VAL-942/O164-37,ZAPATOS P/DAMA DI VALENTINA ROSADO,Talla: 37,All attribute values rejected — not in Odoo catalog
DI-VAL-942/165-37,DI-VAL-942/O165-37,ZAPATOS P/DAMA DI VALENTINA BEIGE,Talla: 37,All attribute values rejected — not in Odoo catalog
JCB-1602-BK,JCB-1602-BK,M. CINTURONES P/DAMA BLACK,,No attribute values parsed
JCB-1339-BK,JCB-1339-BK,M. CINTURONES P/DAMA BLACK (jcb_1339_bk),,No attribute values parsed
IW-33802WGO-WHT,IW-33802WGO-WHT,M. CINTURONES P/DAMA WHITE,,No attribute values parsed
IW-33111-BL,IW-33111-BL,M. CINTURONES P/DAMA BLACK (iw_33111_bl),,No attribute values parsed
IW-33111-WH,IW-33111-WH,M. CINTURONES P/DAMA WHITE (iw_33111_wh),,No attribute values parsed
PB-7644-BK,PB-7644-BK,M. CINTURONES P/DAMA BLACK (pb_7644_bk),,No attribute values parsed
HW-3341-RB,HW-3341-RB,M. CINTURONES P/DAMA ROYAL BLUE,,No attribute values parsed
IW-1929-WH,IW-1929-WH,M. CINTURONES P/DAMA WHITE (iw_1929_wh),,No attribute values parsed
IW-2289D086-BL,IW-2289D086-BL,M. CINTURONES P/DAMA BLACK (iw_2289d086_bl),,No attribute values parsed
56457,56457,VESTIDO CORTO P/DAMA BLACK,,No attribute values parsed
JY-35,JY-35,M. JOYERO P/DAMA VARIOS MODELOS,Talla: 35,All attribute values rejected — not in Odoo catalog
JY-24,JY-24,M. JOYERO P/DAMA VARIOS MODELOS,Talla: 24,All attribute values rejected — not in Odoo catalog
CR-25,CR-25,M. COLLARES P/DAMA VARIOS MODELOS,Talla: 25,All attribute values rejected — not in Odoo catalog
CR-23,CR-23,M. COLLARES P/DAMA VARIOS MODELOS,Talla: 23,All attribute values rejected — not in Odoo catalog
AR-06,AR-06,ARETES P/DAMA V. MODELOS,Talla: 06,All attribute values rejected — not in Odoo catalog
PB-6323,PB-6323,M. BRAZALETES P/DAMA VARIOS MODELOS,Talla: 6323,All attribute values rejected — not in Odoo catalog
PB-2508,PB-2508,M. BRAZALETES P/DAMA VARIOS MODELOS,Talla: 2508,All attribute values rejected — not in Odoo catalog
PB-1333,PB-1333,M. BRAZALETES P/DAMA VARIOS MODELOS,Talla: 1333,All attribute values rejected — not in Odoo catalog
PB-1937,PB-1937,M. BRAZALETES P/DAMA VARIOS MODELOS,Talla: 1937,All attribute values rejected — not in Odoo catalog
PB-1728,PB-1728,M. BRAZALETES P/DAMA VARIOS MODELOS,Talla: 1728,All attribute values rejected — not in Odoo catalog
PIN-A01-AZN,PIN-A01-AZN,PIN ACCESORIO P/CABALLEROS AZUL MARINO,,No attribute values parsed
PAN-CRE,PAN-CRE,PANUELO PARA HOMBRE BLACK CREAM,,No attribute values parsed
8880BL,8880BL,RIEL 1M BLANCO,,No attribute values parsed
8889BL,8889BL,RIEL 2M BLANCO,,No attribute values parsed
KAN-ANHOA/24,KAN-ANHOA/O24,Terno KAN-ANHOA,Talla: 24,All attribute values rejected — not in Odoo catalog
KAN-ANHOA/25,KAN-ANHOA/O25,Terno KAN-ANHOA,Talla: 25,All attribute values rejected — not in Odoo catalog
KAN-ANHOA/26,KAN-ANHOA/O26,Terno KAN-ANHOA,Talla: 26,All attribute values rejected — not in Odoo catalog
KAN-ANHOA/27,KAN-ANHOA/O27,Terno KAN-ANHOA,Talla: 27,All attribute values rejected — not in Odoo catalog
ARM-001,ARM-001,ARMADOR PARA CAMISAS,Talla: 001,All attribute values rejected — not in Odoo catalog
Z-1759SIUK-AZ/37,Z-1759SIUK-AZ/O37,Terno Z-1759SIUK-AZ,Talla: 37,All attribute values rejected — not in Odoo catalog
Z-1759SIUK-AZ/39,Z-1759SIUK-AZ/O39,Terno Z-1759SIUK-AZ,Talla: 39,All attribute values rejected — not in Odoo catalog
Z-3021LAMO-NE/37,Z-3021LAMO-NE/O37,Terno Z-3021LAMO-NE,Talla: 37,All attribute values rejected — not in Odoo catalog
Z-5325CLAPE-MO/37,Z-5325CLAPE-MO/O37,Terno Z-5325CLAPE-MO,Talla: 37,All attribute values rejected — not in Odoo catalog
Z-5325CLAPE-MO/39,Z-5325CLAPE-MO/O39,Terno Z-5325CLAPE-MO,Talla: 39,All attribute values rejected — not in Odoo catalog
Z-2836-DFV-NA/37,Z-2836-DFV-NA/O37,Terno Z-2836-DFV-NA,Talla: 37,All attribute values rejected — not in Odoo catalog
Z-2839DFV-GD/39,Z-2839DFV-GD/O39,Terno Z-2839DFV-GD,Talla: 39,All attribute values rejected — not in Odoo catalog
Z-2839DFV-GD/37,Z-2839DFV-GD/O37,Terno Z-2839DFV-GD,Talla: 37,All attribute values rejected — not in Odoo catalog
Z-2839DFV-NE/37,Z-2839DFV-NE/O37,Terno Z-2839DFV-NE,Talla: 37,All attribute values rejected — not in Odoo catalog
Z-2839DFV-NE/39,Z-2839DFV-NE/O39,Terno Z-2839DFV-NE,Talla: 39,All attribute values rejected — not in Odoo catalog
SUSPENDER-MEN/VN,SUSPENDER-MEN/VN,SUSPENDER FOR MEN VARIOS MODELOS VINO,,No attribute values parsed
CORREA-NE-1119,CORREA-NE-1119,CORREAS CINT CUE NAP # 35 NEGRO,Talla: 1119,All attribute values rejected — not in Odoo catalog
Z-SD913DAVI-RD/39,Z-SD913DAVI-RD/O39,Terno Z-SD913DAVI-RD,Talla: 39,All attribute values rejected — not in Odoo catalog
Z-SD391DAVI-BL/37,Z-SD391DAVI-BL/O37,Terno Z-SD391DAVI-BL,Talla: 37,All attribute values rejected — not in Odoo catalog
Z-1475C-N/37,Z-1475C-N/O37,Terno Z-1475C-N,Talla: 37,All attribute values rejected — not in Odoo catalog
SUSPENDER-MEN/WH,SUSPENDER-MEN/OWH,SUSPENDER FOR MEN VARIOS MODELOS WHITE,,No attribute values parsed
TL-10-500F.40,TL-10-500F.40,H. TERNO P/CABALLERO TED LAPUDIDUS BLUE,,No attribute values parsed
TL-10-400B.40,TL-10-400B.40,H. TERNO P/CABALLERO TED LAPUDIDUS NAVY,,No attribute values parsed
2536-KAN-TALLY/27,2536-KAN-TALLY/O27,Terno 2536-KAN-TALLY,Talla: 27,All attribute values rejected — not in Odoo catalog
2536-KAN-TALLY/26,2536-KAN-TALLY/O26,Terno 2536-KAN-TALLY,Talla: 26,All attribute values rejected — not in Odoo catalog
2536-KAN-TALLY/25,2536-KAN-TALLY/O25,Terno 2536-KAN-TALLY,Talla: 25,All attribute values rejected — not in Odoo catalog
2536-KAN-TALLY/24,2536-KAN-TALLY/O24,Terno 2536-KAN-TALLY,Talla: 24,All attribute values rejected — not in Odoo catalog
2536-KAN-TALLY/23,2536-KAN-TALLY/O23,Terno 2536-KAN-TALLY,Talla: 23,All attribute values rejected — not in Odoo catalog
TL-10-500C.60,TL-10-500C.60,H. TERNO P/CABALLERO XL TED LAPIDUS CHARCOAL,,No attribute values parsed
TL-10-500C.58,TL-10-500C.58,H. TERNO P/CABALLERO XL TED LAPIDUS CHARCOAL (tl_10_500c_58),,No attribute values parsed
TL-10-500C.56,TL-10-500C.56,H. TERNO P/CABALLERO XL TED LAPIDUS CHARCOAL (tl_10_500c_56),,No attribute values parsed
TL-10-500C.54,TL-10-500C.54,H. TERNO P/CABALLERO XL TED LAPIDUS CHARCOAL (tl_10_500c_54),,No attribute values parsed
TL-10-500C.52,TL-10-500C.52,H. TERNO P/CABALLERO XL TED LAPIDUS CHARCOAL (tl_10_500c_52),,No attribute values parsed
PAN-BLUE PRINT,PAN-BLUE PRINT,PANUELO PARA HOMBRE BLUE PRINT,,No attribute values parsed
PAN-NAVY PRINT,PAN-NAVY PRINT,PANUELO PARA HOMBRE NAVY PRINT,,No attribute values parsed
PAN-SKY BLUE PRINT,PAN-SKY BLUE PRINT,PANUELO PARA HOMBRE SKY BLUE PRINT,,No attribute values parsed
PAN-WHITE PRINT,PAN-WHITE PRINT,PANUELO PARA HOMBRE WHITE PRINT,,No attribute values parsed
PAN-BLACK PRINT,PAN-BLACK PRINT,PANUELO PARA HOMBRE BLACK PRINT,,No attribute values parsed
PAN-SKYGREY PRINT,PAN-SKYGREY PRINT,PANUELO PARA HOMBRE SKY GREY PRINT,,No attribute values parsed
PAN-RED PRINT,PAN-RED PRINT,PANUELO PARA HOMBRE RED PRINT,,No attribute values parsed
PIN-B01-RED,PIN-B01-RED,PIN P/DAMA ACCESORIO RED,,No attribute values parsed
PIN-B01-WH1,PIN-B01-WH1,PIN P/DAMA ACCESORIO WHITE,,No attribute values parsed
PIN-B01-BL,PIN-B01-BL,PIN P/DAMA ACCESORIO BLACK,,No attribute values parsed
PAN-GREY,PAN-GREY,PANUELO PARA HOMBRE - ACCESORIO GREY,,No attribute values parsed
AN-2737,AN-2737,M. ANILLOS P/DAMA VARIOS MODELOS,Talla: 2737,All attribute values rejected — not in Odoo catalog
TJ-BA-ROJO,TJ-BA-ROJO,TRAJE DE BAÑO 2 PIEZAS P/DAMA PATO BOHEMIAN ROJO,,No attribute values parsed
TJ-BA-ROJO1,TJ-BA-ROJO1,TRAJE DE BAÑO 1 PIEZA P/DAMA PATO BOHEMIAN ROJO,,No attribute values parsed
PB-7310,PB-7310,M. BRAZALETES P/DAMA VARIOS MODELOS,Talla: 7310,All attribute values rejected — not in Odoo catalog
P1345/5,P1345/O5,Terno P1345,Talla: 5,All attribute values rejected — not in Odoo catalog
P1345/3,P1345/O3,Terno P1345,Talla: 3,All attribute values rejected — not in Odoo catalog
P1345/1,P1345/O1,Terno P1345,Talla: 1,All attribute values rejected — not in Odoo catalog
Z-2526DFV/37,Z-2526DFV/O37,Terno Z-2526DFV,Talla: 37,All attribute values rejected — not in Odoo catalog
Z-2475DFV/37,Z-2475DFV/O37,Terno Z-2475DFV,Talla: 37,All attribute values rejected — not in Odoo catalog
Z-6729LAMOD/37,Z-6729LAMOD/O37,Terno Z-6729LAMOD,Talla: 37,All attribute values rejected — not in Odoo catalog
Z-SD223DAVI/37,Z-SD223DAVI/O37,Terno Z-SD223DAVI,Talla: 37,All attribute values rejected — not in Odoo catalog
PIN-A01-GREEN-FOREST,PIN-A01-GREEN-FOREST,PIN ACCESORIO P/CABALLEROS GREEN FOREST,,No attribute values parsed
PIN-A01-RED BLUE,PIN-A01-RED BLUE,PIN ACCESORIO P/CABALLEROS RED BLUE,,No attribute values parsed
PIN-A01-GREEN,PIN-A01-GREEN,PIN ACCESORIO P/CABALLEROS GREEN,,No attribute values parsed
P1290/38-CO,P1290/O38-CO,Corbatín P1290/38,,No attribute values parsed
P1064/40-CO,P1064/O40-CO,Corbatín P1064/40,,No attribute values parsed
PAN-BLUE,PAN-BLUE,PANUELO PARA HOMBRE - ACCESORIO BLUE,,No attribute values parsed
PAN-BLACK,PAN-BLACK,PANUELO PARA HOMBRE - ACCESORIO BLACK,,No attribute values parsed
MF3870/19-FJ,MF3870/O19-FJ,Set Corbatín + Faja MF3870/19,,No attribute values parsed
MF12150/7-FJ,MF12150/O7-FJ,Set Corbatín + Faja MF12150/7,,No attribute values parsed
MF12150/4-FJ,MF12150/O4-FJ,Set Corbatín + Faja MF12150/4,,No attribute values parsed
MF12022/12-FJ,MF12022/O12-FJ,Set Corbatín + Faja MF12022/12,,No attribute values parsed
MF12022/9-FJ,MF12022/O9-FJ,Set Corbatín + Faja MF12022/9,,No attribute values parsed
MF12022/6-FJ,MF12022/O6-FJ,Set Corbatín + Faja MF12022/6,,No attribute values parsed
MF12022/5-FJ,MF12022/O5-FJ,Set Corbatín + Faja MF12022/5,,No attribute values parsed
MF12022/2-FJ,MF12022/O2-FJ,Set Corbatín + Faja MF12022/2,,No attribute values parsed
MF3870/109-FJ,MF3870/O109-FJ,Set Corbatín + Faja MF3870/109,,No attribute values parsed
MF12183/13-CO,MF12183/O13-CO,Corbatín MF12183/13,,No attribute values parsed
MF12183/7-CO,MF12183/O7-CO,Corbatín MF12183/7,,No attribute values parsed
MF12183/2-CO,MF12183/O2-CO,Corbatín MF12183/2,,No attribute values parsed
MF12182/16-CO,MF12182/O16-CO,Corbatín MF12182/16,,No attribute values parsed
MF12182/15-CO,MF12182/O15-CO,Corbatín MF12182/15,,No attribute values parsed
MF12182/14-CO,MF12182/O14-CO,Corbatín MF12182/14,,No attribute values parsed
MF12182/9-CO,MF12182/O9-CO,Corbatín MF12182/9,,No attribute values parsed
MF12161/8-CO,MF12161/O8-CO,Corbatín MF12161/8,,No attribute values parsed
MF12150/7-CO,MF12150/O7-CO,Corbatín MF12150/7,,No attribute values parsed
MF12150/4-CO,MF12150/O4-CO,Corbatín MF12150/4,,No attribute values parsed
MF12081/12-CO,MF12081/O12-CO,Corbatín MF12081/12,,No attribute values parsed
MF12081/11-CO,MF12081/O11-CO,Corbatín MF12081/11,,No attribute values parsed
MF12081/10-CO,MF12081/O10-CO,Corbatín MF12081/10,,No attribute values parsed
MF12080/12-CO,MF12080/O12-CO,Corbatín MF12080/12,,No attribute values parsed
MF12080/9-CO,MF12080/O9-CO,Corbatín MF12080/9,,No attribute values parsed
MF12080/8-CO,MF12080/O8-CO,Corbatín MF12080/8,,No attribute values parsed
MF12080/2-CO,MF12080/O2-CO,Corbatín MF12080/2,,No attribute values parsed
P1290/13-CO,P1290/O13-CO,Corbatín P1290/13,,No attribute values parsed
P1290/10-CO,P1290/O10-CO,Corbatín P1290/10,,No attribute values parsed
P1290/6-CO,P1290/O6-CO,Corbatín P1290/6,,No attribute values parsed
MF12147/12-CO,MF12147/O12-CO,Corbatín MF12147/12,,No attribute values parsed
MF12173/12-CO,MF12173/O12-CO,Corbatín MF12173/12,,No attribute values parsed
MF12173/8-CO,MF12173/O8-CO,Corbatín MF12173/8,,No attribute values parsed
MF12022/12-CO,MF12022/O12-CO,Corbatín MF12022/12,,No attribute values parsed
MF12022/9-CO,MF12022/O9-CO,Corbatín MF12022/9,,No attribute values parsed
MF12022/6-CO,MF12022/O6-CO,Corbatín MF12022/6,,No attribute values parsed
MF12022/5-CO,MF12022/O5-CO,Corbatín MF12022/5,,No attribute values parsed
MF12022/2-CO,MF12022/O2-CO,Corbatín MF12022/2,,No attribute values parsed
MF3870/13-CO,MF3870/O13-CO,Corbatín MF3870/13,,No attribute values parsed
MF3870/19-CO,MF3870/O19-CO,Corbatín MF3870/19,,No attribute values parsed
MF3870/9-CO,MF3870/O9-CO,Corbatín MF3870/9,,No attribute values parsed
MF3870/3-CO,MF38702023CO03,Corbatín MF3870/3,,No attribute values parsed
MF3870/1-CO,MF3870/O1-CO,Corbatín MF3870/1,,No attribute values parsed
MF3870/69-CO,MF38702023CO69,Corbatín MF3870/69,,No attribute values parsed
MF3870/115-CO,MF3870/O115-CO,Corbatín MF3870/115,,No attribute values parsed
MF3870/109-CO,MF3870/O109-CO,Corbatín MF3870/109,,No attribute values parsed
MF12026/5-CO,MF12026/O5-CO,Corbatín MF12026/5,,No attribute values parsed
P1288/43-CO,P1288/O43-CO,Corbatín P1288/43,,No attribute values parsed
P1288/37-CO,P12882023CO037,Corbatín P1288/37,,No attribute values parsed
P1288/35-CO,P1288/O35-CO,Corbatín P1288/35,,No attribute values parsed
P1288/15-CO,P1288/O15-CO,Corbatín P1288/15,,No attribute values parsed
P1064/24-CO,P1064/O24-CO,Corbatín P1064/24,,No attribute values parsed
P1064/22-CO,P1064/22-CO,Corbatín P1064/22,,No attribute values parsed
P645/42-CO,P645/O42-CO,Corbatín P645/42,,No attribute values parsed
P645/37-CO,P645/O37-CO,Corbatín P645/37,,No attribute values parsed
P645/33-CO,P645/O33-CO,Corbatín P645/33,,No attribute values parsed
MF12072/5-CO,MF12072/O5-CO,Corbatín MF12072/5,,No attribute values parsed
PAN-WHITE BLACK,PAN-WHITE BLACK,PANUELO PARA HOMBRE - ACCESORIO WHITE BLACK,,No attribute values parsed
PAN-WINE,PAN-WINE,PANUELO PARA HOMBRE - ACCESORIO WINE,,No attribute values parsed
PAN-WHITE,PAN-WHITE,PANUELO PARA HOMBRE - ACCESORIO WHITE,,No attribute values parsed
PAN-SKY BLUE,PAN-SKY BLUE,PANUELO PARA HOMBRE - ACCESORIO SKY BLUE,,No attribute values parsed
PAN-RED POINT,PAN-RED POINT,PANUELO PARA HOMBRE - ACCESORIO RED PONIT,,No attribute values parsed
PAN-RED,PAN-RED,PANUELO PARA HOMBRE - ACCESORIO RED,,No attribute values parsed
PAN-NAVY,PAN-NAVY,PANUELO PARA HOMBRE - ACCESORIO NAVY,,No attribute values parsed
PAN-GREEN,PAN-GREEN,PANUELO PARA HOMBRE - ACCESORIO GREEN,,No attribute values parsed
PAN-DARK BLUE,PAN-DARK BLUE,PANUELO PARA HOMBRE - ACCESORIO DARK BLUE,,No attribute values parsed
PIN-A01-VI,PIN-A01-VI,PIN ACCESORIO P/CABALLEROS VINO,,No attribute values parsed
PIN-A01-RD,PIN-A01-RD,PIN ACCESORIO P/CABALLEROS RED,,No attribute values parsed
PIN-A01-SK1,PIN-A01-SK1,PIN ACCESORIO P/CABALLEROS SKY BLUE,,No attribute values parsed
MSK-WHITE,MSK-WHITE,MASCARILLA P/PROTECCION WHITE CUERO,,No attribute values parsed
MSK-BLACK,MSK-BLACK,MASCARILLA P/PROTECCION BLACK CUERO,,No attribute values parsed
TER-BC-VAR-1,TER-BC-VAR-1,Terno TER-BC-VAR,Talla: 1,All attribute values rejected — not in Odoo catalog
J11063/BLEACH BLUE-SH-26,J11063/BLEALUE-SH-26,SHORT P/DAMA OBSENA,Talla: 26,All attribute values rejected — not in Odoo catalog
JS-CAMEO-BL/35.5,JS-CAMEO-BL/O35.5,Terno JS-CAMEO-BL,Talla: 35.5,All attribute values rejected — not in Odoo catalog
JS-CAMEO-BL/39,JS-CAMEO-BL/O39,Terno JS-CAMEO-BL,Talla: 39,All attribute values rejected — not in Odoo catalog
SUSPENDER-MEN/GR,SUSPENDER-MEN/GR,SUSPENDER FOR MEN VARIOS MODELOS GREY,,No attribute values parsed
SUSPENDER-MEN/RE,SUSPENDER-MEN/ORE,SUSPENDER FOR MEN VARIOS MODELOS RED,,No attribute values parsed
SUSPENDER-MEN/NV,SUSPENDER-MEN/ONV,SUSPENDER FOR MEN VARIOS MODELOS NAVY,,No attribute values parsed
SUSPENDER-MEN/BL,SUSPENDER-MEN/OBL,SUSPENDER FOR MEN VARIOS MODELOS BLACK,,No attribute values parsed
PIN-A01-GR,PIN-A01-GR,PIN ACCESORIO P/CABALLEROS GREY,,No attribute values parsed
PIN-A01-BW,PIN-A01-BW,PIN ACCESORIO P/CABALLEROS BLUE WHITE,,No attribute values parsed
PIN-A01-OFW1,PIN-A01-OFW1,PIN ACCESORIO P/CABALLEROS OFF WHITE,,No attribute values parsed
PIN-A01-WH1,PIN-A01-WH1,PIN ACCESORIO P/CABALLEROS WHITE,,No attribute values parsed
PIN-A01-NVY,PIN-A01-NVY,PIN ACCESORIO P/CABALLEROS NAVY,,No attribute values parsed
PIN-A01-OW,PIN-A01-OW,PIN ACCESORIO P/CABALLEROS OFF WHITE (pin_a01_ow),,No attribute values parsed
PIN-A01-WH,PIN-A01-WH,PIN ACCESORIO P/CABALLEROS WHITE (pin_a01_wh),,No attribute values parsed
PIN-A01-BL,PIN-A01-BL,PIN ACCESORIO P/CABALLEROS BLACK,,No attribute values parsed
AG62128,AG62128,VESTIDO CORTO P/DAMA VERDE,,No attribute values parsed
10637,10637,VESTIDO CORTO P/DAMA BLACK (10637),,No attribute values parsed
P-AZUL,P-AZUL,VESTIDO LARGO DE FIESTA AZUL CON PIEDRAS TL 8,,No attribute values parsed
55809,55809,VESTIDO LARGO DE FIESTA NAVY TL 6,,No attribute values parsed
56814Z,56814Z,VESTIDO LARGO DE FIESTA MIN/VERDE TL 6,,No attribute values parsed
AT4266,AT4266,BLUSA LOVE ENCOUNTER,,No attribute values parsed
9511TW,9511TW,BLUSA CQ BY CQ TALLA L,,No attribute values parsed
10896T,10896T,BLUSA IDEM DITTO TALLA L,,No attribute values parsed
D5624,D5624,VESTIDO C/CINTURON SUGAR LIPS,,No attribute values parsed
CORREA-AZ-1119,CORREA-AZ-1119,CORREAS CINT CUE NAP # 35 AZUL,Talla: 1119,All attribute values rejected — not in Odoo catalog
CORREA-VN-1119,CORREA-VN-1119,CORREAS CINT CUE NAP # 35 VINO,Talla: 1119,All attribute values rejected — not in Odoo catalog
PBD-6060/5k,PBD-6060/5k,FINISH: WHITE BORDER; ALUMINUM FRAME; SIZE: 600*600MM PANEL,,No attribute values parsed
CAMISA-BC,CAMISA-BC,CAMISA P/C BRUNO CASSSINI,,No attribute values parsed
CAMISA-DP-BC,CAMISA-DP-BC,CAMISA P/C D/P BRUNO CASSSINI,,No attribute values parsed
IRE90495,IRE90495,M. JUMPER ENTERIZO INA,,No attribute values parsed
Y17558,Y17558,JUMPER ENTERIZO DO+BE,,No attribute values parsed
PUL19-09-11,PUL19-09-11,ACCESORIO - 2019-09,Talla: 11,All attribute values rejected — not in Odoo catalog
ACCE19-09-1,ACCE19-09-1,ACCESORIO - 2019-09 (acce19_09),Talla: 1,All attribute values rejected — not in Odoo catalog
ACCE19-09-2,ACCE19-09-2,ACCESORIO - 2019-09 (acce19_09),Talla: 2,All attribute values rejected — not in Odoo catalog
ACCE19-09-3,ACCE19-09-3,ACCESORIO - 2019-09 (acce19_09),Talla: 3,All attribute values rejected — not in Odoo catalog
ACCE19-09-4,ACCE19-09-4,ACCESORIO - 2019-09 (acce19_09),Talla: 4,All attribute values rejected — not in Odoo catalog
ACCE19-09-5,ACCE19-09-5,ACCESORIO - 2019-09 (acce19_09),Talla: 5,All attribute values rejected — not in Odoo catalog
J-201909,J-201909,JUMPER,Talla: 201909,All attribute values rejected — not in Odoo catalog
TGD03-150,TGD03-150,BLACK FIXTURE FLOOD LIGTH 150W - 6000K,Talla: 150,All attribute values rejected — not in Odoo catalog
PX-TGD01/50-3K,PX-TGD01/50-3K,FLOOD LIGHT; BLACK FIXTURE 50W 3000K,,No attribute values parsed
DD-3111BK/6K,DD-3111BK/6K,BLACK 3 LIGHTS SIZE: 505*190 MM 27W - 6500K,,No attribute values parsed
TGD03-200,TGD03-200,BLACK FIXTURE FLOOD LIGTH 150W - 6000K,Talla: 200,All attribute values rejected — not in Odoo catalog
2M-TRACK,2M-TRACK,TRACK 2M WHITE LIGHT,,No attribute values parsed
1M-TRACK,1M-TRACK,"TRACK 1M, WHITE LIGHT",,No attribute values parsed
ZMTR-25,ZMTR-25,ZOOMABLE TRACK LIGHT WHITE FXTURE 25W - 3000K,Talla: 25,All attribute values rejected — not in Odoo catalog
PX-TGD01/30W,PX-TGD01/O30W,FLLOD LIGHT; BLACK FIXTURE 30W 6000-6500K,,No attribute values parsed
PX-TGD01/50W,PX-TGD01/O50W,FLOOD LIGHT; BLACK FIXTURE 50W 6000-6500K,,No attribute values parsed
PX-NZTD-24,PX-NZTD-24,LED DOWN LIGHT 30W 6000-6500K,Talla: 24,All attribute values rejected — not in Odoo catalog
59241-A,59241-A,VESTIDO LARGO NEGRO,,No attribute values parsed
D7487L,D7487L,VESTIDO LARGO BLACK LABEL,,No attribute values parsed
D7464L,D7464L,VESTIDO LARGO BLACK LABEL (d7464l),,No attribute values parsed
D7545L,D7545L,VESTIDO LARGO BLACK LABEL (d7545l),,No attribute values parsed
D8518L,D8518L,VESTIDO LARGO BLACK LABEL (d8518l),,No attribute values parsed
D5202L,D5202L,VESTIDO LARGO BLACK LABEL (d5202l),,No attribute values parsed
D8892L,D8892L,VESTIDO LARGO BLACK LABEL (d8892l),,No attribute values parsed
5DSW1101-126/15 S1,7453094440611,CAMISA DE VESTIR P/H 32 -33 BRIGHT WHITE PERRY ELLIS,,No attribute values parsed
5DSW1101-126/15.5 S1,7453094440628,CAMISA DE VESTIR P/H 32 -33 BRIGHT WHITE PERRY ELLIS (5dsw1101_126_15_5_s1),,No attribute values parsed
5DSW1101-126/16.5 S1,7453094440666,CAMISA DE VESTIR P/H 32 -33 BRIGHT WHITE PERRY ELLIS (5dsw1101_126_16_5_s1),,No attribute values parsed
5DSW1101-126/15.5 S2,7453094440635,CAMISA DE VESTIR P/H 34 -35 BRIGHT WHITE PERRY ELLIS,,No attribute values parsed
5DSW1101-126/16.5 S2,7453094440673,CAMISA DE VESTIR P/H 34 -35 BRIGHT WHITE PERRY ELLIS (5dsw1101_126_16_5_s2),,No attribute values parsed
5DSW1101-126/16 S2,7453094440659,CAMISA DE VESTIR P/H 34 -35 BRIGHT WHITE PERRY ELLIS (5dsw1101_126_16_s2),,No attribute values parsed
5DSW1101-126/17 S2,7453094440680,CAMISA DE VESTIR P/H 34 -35 BRIGHT WHITE PERRY ELLIS (5dsw1101_126_17_s2),,No attribute values parsed
5DSW1101-126/17.5 S2,7453094440694,CAMISA DE VESTIR P/H 34 -35 BRIGHT WHITE PERRY ELLIS (5dsw1101_126_17_5_s2),,No attribute values parsed
5DSW1101-126/16 S1,7453094440642,CAMISA DE VESTIR P/H 32 -33 BRIGHT WHITE PERRY ELLIS (5dsw1101_126_16_s1),,No attribute values parsed
5DSW1104-073/17 S2,7453094440956,CAMISA DE VESTIR P/H 34-35 ALLOY PERRY ELLIS,,No attribute values parsed
5DSW1104-073/16.5 S1,7453094440932,CAMISA DE VESTIR P/H 32-33 ALLOY PERRY ELLIS,,No attribute values parsed
5DSW1104-073/17.5 S2,7453094440963,CAMISA DE VESTIR P/H 34-35 ALLOY PERRY ELLIS (5dsw1104_073_17_5_s2),,No attribute values parsed
5DSW1104-073/16 S2,7453094440925,CAMISA DE VESTIR P/H 34-35 ALLOY PERRY ELLIS (5dsw1104_073_16_s2),,No attribute values parsed
5DSW1104-073/15 S1,7453094440888,CAMISA DE VESTIR P/H 32-33 ALLOY PERRY ELLIS (5dsw1104_073_15_s1),,No attribute values parsed
5DSW1104-073/15.5 S1,7453094440895,CAMISA DE VESTIR P/H 32-33 ALLOY PERRY ELLIS (5dsw1104_073_15_5_s1),,No attribute values parsed
5DSW1104-073/16 S1,7453094440916,CAMISA DE VESTIR P/H 32-33 ALLOY PERRY ELLIS (5dsw1104_073_16_s1),,No attribute values parsed
5DSW1104-073/15.5 S2,7453094440901,CAMISA DE VESTIR P/H 34-35 ALLOY PERRY ELLIS (5dsw1104_073_15_5_s2),,No attribute values parsed
5DSW1104-073/16.5 S2,7453094440949,CAMISA DE VESTIR P/H 34-35 ALLOY PERRY ELLIS (5dsw1104_073_16_5_s2),,No attribute values parsed
4CHB8800-405/38X32,7453097423291,PANTALON P/CABALLERO NAVY PERRY ELLIS,,No attribute values parsed
4CHB8800-405/34X32,7453097423277,PANTALON P/CABALLERO NAVY PERRY ELLIS (4chb8800_405_34x32),,No attribute values parsed
4CHB8800-405/30X32,7453097423253,PANTALON P/CABALLERO NAVY PERRY ELLIS (4chb8800_405_30x32),,No attribute values parsed
4CHB8800-405/32X32,7453097423260,PANTALON P/CABALLERO NAVY PERRY ELLIS (4chb8800_405_32x32),,No attribute values parsed
4CHB8800-405/36X32,7453097423284,PANTALON P/CABALLERO NAVY PERRY ELLIS (4chb8800_405_36x32),,No attribute values parsed
4DFB8612-401/36X32,7453097412783,PANTALON CASUAL P/H NAVY PERRY ELLIS,,No attribute values parsed
4DFB8612-401/38X32,7453097412790,PANTALON CASUAL P/H NAVY PERRY ELLIS (4dfb8612_401_38x32),,No attribute values parsed
4DFB8612-401/34X32,7453097412776,PANTALON CASUAL P/H NAVY PERRY ELLIS (4dfb8612_401_34x32),,No attribute values parsed
4DFB8612-401/32X32,7453097412769,PANTALON CASUAL P/H NAVY PERRY ELLIS (4dfb8612_401_32x32),,No attribute values parsed
4DFB8612-401/30X32,7453097412899,PANTALON CASUAL P/H NAVY PERRY ELLIS (4dfb8612_401_30x32),,No attribute values parsed
PUL-HOMBRE,PUL-HOMBRE,PULSERAS P/CABALLERON DESING BLACK,,No attribute values parsed
CV-L11-061BU/36R,CV-L11-061BU/O36R,TERNO P/CABALLERO SMOKING AZUL CARVEN,,No attribute values parsed
CV-L11-061BU/42R,CV-L11-061BU/O42R,TERNO P/CABALLERO SMOKING AZUL CARVEN (cv_l11_061bu_42r),,No attribute values parsed
CV-L11-061BU/46R,CV-L11-061BU/O46R,TERNO P/CABALLERO SMOKING AZUL CARVEN (cv_l11_061bu_46r),,No attribute values parsed
CV-L11-061BU/38R,CV-L11-061BU/O38R,TERNO P/CABALLERO SMOKING AZUL CARVEN (cv_l11_061bu_38r),,No attribute values parsed
CV-L11-061BU/40R,CV-L11-061BU/O40R,TERNO P/CABALLERO SMOKING AZUL CARVEN (cv_l11_061bu_40r),,No attribute values parsed
CV-L11-061BU/44R,CV-L11-061BU/O44R,TERNO P/CABALLERO SMOKING AZUL CARVEN (cv_l11_061bu_44r),,No attribute values parsed
P929/11-CO,P929/O11-CO,Corbatín P929/11,,No attribute values parsed
S299/395-CO,S299/O395-CO,Corbatín S299/395,,No attribute values parsed
MO61281/350-CO,MO6128123CO350,Corbatín MO61281/350,,No attribute values parsed
MF10831/145-CO,MF1083123CO145,Corbatín MF10831/145,,No attribute values parsed
S299/349-CO,S299/O349-CO,Corbatín S299/349,,No attribute values parsed
S297/390-CO,S297/O390-CO,Corbatín S297/390,,No attribute values parsed
MF11891/9-CO,MF11891/O9-CO,Corbatín MF11891/9,,No attribute values parsed
MF11829/9-CO,MF11829/O9-CO,Corbatín MF11829/9,,No attribute values parsed
MF11886/1-CO,MF11886/O1-CO,Corbatín MF11886/1,,No attribute values parsed
MF11829/1-CO,MF11829/O1-CO,Corbatín MF11829/1,,No attribute values parsed
P926/38-CO,P926/O38-CO,Corbatín P926/38,,No attribute values parsed
S301/352-CO,S301/O352-CO,Corbatín S301/352,,No attribute values parsed
S301/359-CO,S301/O359-CO,Corbatín S301/359,,No attribute values parsed
S301/359-FJ,S301/O359-FJ,Set Corbatín + Faja S301/359,,No attribute values parsed
S301/352-FJ,S301/O352-FJ,Set Corbatín + Faja S301/352,,No attribute values parsed
S299/349-FJ,S299/O349-FJ,Set Corbatín + Faja S299/349,,No attribute values parsed
MF11829/1-FJ,MF11829/O1-FJ,Set Corbatín + Faja MF11829/1,,No attribute values parsed
MF11868/1-FJ,MF11868/O1-FJ,Set Corbatín + Faja MF11868/1,,No attribute values parsed
MF11868/1-CO,MF11868/O1-CO,Corbatín MF11868/1,,No attribute values parsed
AL216105,AL216105,VESTIDO LARGO ROJO,,No attribute values parsed
DD-2111 BK,DD-2111 BK,LIGHT BLACK; 2 LIGHTS SIZE 375*190MM 18W 4000-4500K,,No attribute values parsed
DD-3111-3K,DD-3111-3K,LIGHT BLACK; 3 LIGHT SIZE: 505*190MM 27W 3000-3500K,,No attribute values parsed
XLH1639-11/BROWN-37,XLH1639-11/OBROWN-37,ZAPATOS OBSENA (xlh1639_11_brown),Talla: 37,All attribute values rejected — not in Odoo catalog
XLH1639-11/BROWN-39,XLH1639-11/OBROWN-39,ZAPATOS OBSENA (xlh1639_11_brown),Talla: 39,All attribute values rejected — not in Odoo catalog
YKLTB-SQ10+2W/WHT,YKLTB-SQ10+2W/WHT,3 STEP GLASS DOWN LIGHT -SQUARE WHITE,,No attribute values parsed
YKLTB-SQ15+3W/WHT,YKLTB-SQ15+3W/WHT,3 STEP GLASS DOWN LIGHT -SQUARE WHITE (ykltb_sq15_3w_wht),,No attribute values parsed
TL60X120VA,TL60X120VA,TOALLA 60 X 120 VERDE ACEITUNA,,No attribute values parsed
TL60X120VI,TL60X120VI,TOALLA 60 X 120 VINO,,No attribute values parsed
SM9P9509,SM9P9509,DOCKER KENNETH COLE NEGRO/KAKI/BEIGE,,No attribute values parsed
SOCKS-BLACK,SOCKS-BLACK,MEDIAS BRUNO CASSINI BLACK X 3,,No attribute values parsed
SOCKS/BGE- KAC-BRW,SOCKS/OBGE- KAC-BRW,MEDIAS BRUNO CASSINI BEIGE - KACKY - BROWN X 3,,No attribute values parsed
SOCKS/NVY-LGRY-SGRY,SOCKS/ONVY-LGRY-SGRY,MEDIAS BRUNO CASSINI NAVY - LGREY - D GREY X 3,,No attribute values parsed
S301/321-CO,S301/O321-CO,Corbatín S301/321,,No attribute values parsed
S299/306-CO,S299/O306-CO,Corbatín S299/306,,No attribute values parsed
S299/330-CO,S299/O330-CO,Corbatín S299/330,,No attribute values parsed
PX-PBD-6S/4K,PX-PBD-6S/4K,"SQUARED, RECESED MOUNT PANEL LIGHT 12W 4000 - 4500K",,No attribute values parsed
PX-PBD-6S/6K,PX-PBD-6S/6K,"SQUARED, RECESED MOUNT PANEL LIGHT 12W 6000 - 6500K",,No attribute values parsed
PX-PBD-8S/4K,PX-PBD-8S/4K,LUCES SQUARED RECESED MOUNT PANEL LIGTH 18W 4000-4500 K,,No attribute values parsed
PX-PBD-8S/4K-EC,PX-PBD-8S/4K-EC,LUCES SQUARED RECESED MOUNT PANEL LIGTH 18W 4000-4500 K (px_pbd_8s_4k_ec),,No attribute values parsed
PX-PBD-8S/6K,PX-PBD-8S/6K,LUCES SQUARED RECESED MOUNT PANEL LIGTH 18W 6000-5000K,,No attribute values parsed
PX-TGD03-200,PX-TGD03-200,FLOOD LIGHT BLACK FIXTURE,Talla: 200,All attribute values rejected — not in Odoo catalog
PT-RS3688-BLK/W,PT-RS3688-BLK/OW,PANTALON DE TERNO P/DAMA BRUNO CASSINI (pt_rs3688_blk_w),,No attribute values parsed
PBD-6060/4K,PBD-6060/4K,FINISH: WHITE BORDER; ALUMINUM FRAME; SIZE: 600*600MM PANEL (pbd_6060_4k),,No attribute values parsed
PBD-6060/6K,PBD-6060/6K,FINISH: WHITE BORDER; ALUMINUM FRAME; SIZE: 600*600MM PANEL (pbd_6060_6k),,No attribute values parsed
PANT-BC,PANT-BC,PANTALON BRUNO CASSINI (pant_bc),,No attribute values parsed
PANT-BCASSINI,PANT-BCASSINI,PANTALON BRUNO CASSINI (pant_bcassini),,No attribute values parsed
PANT-CAFE,PANT-CAFE,PANTALON P/DAMA CAFE,,No attribute values parsed
PANT-GRIS,PANT-GRIS,PANTALON P/DAMA BRUNO CASSINI,,No attribute values parsed
PANT-NEGRO,PANT-NEGRO,PANTALON P/DAMA NEGRO,,No attribute values parsed
PBD-30120/4K,PBD-30120/4K,"FINISH: WHITE BORDER, ALUMINUM FRAME; SIZE:300*1200MM PANEL",,No attribute values parsed
PBD-30120/6K,PBD-30120/6K,"FINISH: WHITE BORDER, ALUMINUM FRAME; SIZE:300*1200MM PANEL (pbd_30120_6k)",,No attribute values parsed
PANT-AZULMARINO,PANT-AZULMARINO,PANTALON P/DAMA AZUL MARINO BRUNO CASSINI,,No attribute values parsed
NODIM-DRIVER/3,NODIM-DRIVER/3,Terno NODIM-DRIVER,Talla: 3,All attribute values rejected — not in Odoo catalog
OMO0944,OMO0944,H. JEANS BUFFALO MAX,,No attribute values parsed
MTR082/FA7610W275-5020,FA7610W275-5020,PANTALON DE HOMBRE 98% ALGODON 2% ELASTANO,Talla: 5020,All attribute values rejected — not in Odoo catalog
MTR082/FA7610W275-8012,FA7610W275-8012,PANTALON DE HOMBRE 98% ALGODON 2% ELASTANO,Talla: 8012,All attribute values rejected — not in Odoo catalog
MTR082/FA7610W275-9000,FA7610W275-9000,PANTALON DE HOMBRE 98% ALGODON 2% ELASTANO,Talla: 9000,All attribute values rejected — not in Odoo catalog
MTR082/FA7610W275-9015,FA7610W275-9015,PANTALON DE HOMBRE 98% ALGODON 2% ELASTANO,Talla: 9015,All attribute values rejected — not in Odoo catalog
MTR082/FA8525W085-4015,FA8525W085-4015,PANTALON DE HOMBRE 98% ALGODON 2% ELASTANO (mtr082_fa8525w085),Talla: 4015,All attribute values rejected — not in Odoo catalog
MSL00177/FA400035-2025,177FA400035-2025,CAMISA COTTON 100% M/L,Talla: 2025,All attribute values rejected — not in Odoo catalog
MSL00177/FA400035-5020,177FA400035-5020,CAMISA COTTON 100% M/L,Talla: 5020,All attribute values rejected — not in Odoo catalog
MSL00177/FA400035-7032,177/OFA400035-7032,CAMISA COTTON 100% M/L,Talla: 7032,All attribute values rejected — not in Odoo catalog
MSL00180/FA420042-5020,FA420042-5020,CAMISA TAPE INSIDE FRONT FLY M/L,Talla: 5020,All attribute values rejected — not in Odoo catalog
MSL00180/FA420042-7029,80/OFA420042-7029,CAMISA TAPE INSIDE FRONT FLY M/L,Talla: 7029,All attribute values rejected — not in Odoo catalog
MSL00191/FA470008-2025,FA470008-2025,CAMISA MANGA LARGA 76% ALGODON M/L,Talla: 2025,All attribute values rejected — not in Odoo catalog
MSL00191/FA470008-7030,FA470008-7030,CAMISA MANGA LARGA 76% ALGODON M/L,Talla: 7030,All attribute values rejected — not in Odoo catalog
MTR00074/FA801007-5019,FA801007-5019,PANTALON SKINNY 98%ALG.2% ELASTANO/BOLSILLOS,Talla: 5019,All attribute values rejected — not in Odoo catalog
MTR00074/FA801007-5020,FA801007-5020,PANTALON SKINNY 98%ALG.2% ELASTANO/BOLSILLOS,Talla: 5020,All attribute values rejected — not in Odoo catalog
MTR00074/FA801007-8012,FA801007-8012,PANTALON SKINNY 98%ALG.2% ELASTANO/BOLSILLOS,Talla: 8012,All attribute values rejected — not in Odoo catalog
MTR00119/FA900054-4017,19/OFA900054-4017,PANTALON DE HOMBRE 100% ALGODON,Talla: 4017,All attribute values rejected — not in Odoo catalog
MTR082/FA7610W275-2025,FA7610W275-2025,PANTALON DE HOMBRE 98% ALGODON 2% ELASTANO,Talla: 2025,All attribute values rejected — not in Odoo catalog
MTR082/FA7610W275-2027,FA7610W275-2027,PANTALON DE HOMBRE 98% ALGODON 2% ELASTANO,Talla: 2027,All attribute values rejected — not in Odoo catalog
MTR082/FA7610W275-5019,FA7610W275-5019,PANTALON DE HOMBRE 98% ALGODON 2% ELASTANO,Talla: 5019,All attribute values rejected — not in Odoo catalog
MSL00004/FA460002-5000,FA460002-5000,CAMISA CON CONTRASTE COTTON 87%NYLON 20%ELASTANO M/L,Talla: 5000,All attribute values rejected — not in Odoo catalog
MSL00034/FA410001-2001,FA410001-2001,CAMISA ALGODON 100% M/L,Talla: 2001,All attribute values rejected — not in Odoo catalog
MSL00034/FA410001-9001,FA410001-9001,CAMISA ALGODON 100% M/L,Talla: 9001,All attribute values rejected — not in Odoo catalog
MP2336/T7020,MP2336/OT7020,JEANS DE HOMBRE 98% ALGODON 2% ELASTAN,,No attribute values parsed
MF3870/50-FJ,MF3870/O50-FJ,Set Corbatín + Faja MF3870/50,,No attribute values parsed
MF3870/69-FJ,MF3870/O69-FJ,Set Corbatín + Faja MF3870/69,,No attribute values parsed
MF3870/97-FJ,MF3870/O97-FJ,Set Corbatín + Faja MF3870/97,,No attribute values parsed
MF3870/98-CO,MF38702023CO98,Corbatín MF3870/98,,No attribute values parsed
MF3870/98-FJ,MF3870/O98-FJ,Set Corbatín + Faja MF3870/98,,No attribute values parsed
MAGI-25,MAGI-25,ARETES DE CRISTAL,Talla: 25,All attribute values rejected — not in Odoo catalog
MAGI-27,MAGI-27,ARETES DE CRISTAL,Talla: 27,All attribute values rejected — not in Odoo catalog
LEVAS-BC-NIÑO,LEVAS-BC-ONIÑO,LEVAS DE NIÑOS,,No attribute values parsed
M-03-11,M-03-11,Corbata M-03,Talla: 11,All attribute values rejected — not in Odoo catalog
M-03-3,M-03-3,Corbata M-03,Talla: 3,All attribute values rejected — not in Odoo catalog
LED-DRIVER/24,LED-DRIVER/24,Terno LED-DRIVER,Talla: 24,All attribute values rejected — not in Odoo catalog
LEVAS-BC,LEVAS-BC,LEVAS BRUNO CASSINI VARIOS MODELOS,,No attribute values parsed
JY-001,JY-001,M. JOYERO P/DAMA VARIOS MODELOS,Talla: 001,All attribute values rejected — not in Odoo catalog
JY-002,JY-002,M. JOYERO P/DAMA VARIOS MODELOS,Talla: 002,All attribute values rejected — not in Odoo catalog
J11063/DARK BLUE-27,J11063/ODARK BLUE-27,DARK BLUE,Talla: 27,All attribute values rejected — not in Odoo catalog
J14015AC/DARK BLUE-25,J14015AC/ODARKBL-25,DARK BLUE (j14015ac_dark_blue),Talla: 25,All attribute values rejected — not in Odoo catalog
J14015AC/DARK BLUE-26,J14015AC/ODARKBL-26,DARK BLUE (j14015ac_dark_blue),Talla: 26,All attribute values rejected — not in Odoo catalog
J14015AC/DARK BLUE-27,J14015AC/ODARKBL-27,DARK BLUE (j14015ac_dark_blue),Talla: 27,All attribute values rejected — not in Odoo catalog
J14015AC/STONE BLUE-25,J14015AC/OSTOBLUE-25,STONE BLUE,Talla: 25,All attribute values rejected — not in Odoo catalog
J14015AC/STONE BLUE-26,J14015AC/OSTOBLUE-26,STONE BLUE,Talla: 26,All attribute values rejected — not in Odoo catalog
J14015AC/STONE BLUE-27,J14015AC/OSTOBLUE-27,STONE BLUE,Talla: 27,All attribute values rejected — not in Odoo catalog
J-35,J-35,JUMPER,Talla: 35,All attribute values rejected — not in Odoo catalog
J-47,J-47,JUMPER,Talla: 47,All attribute values rejected — not in Odoo catalog
J07034FC/DARK BLK-2-25,J07034FC/ODKBLK-2-25,PANTALON MUJER,Talla: 25,All attribute values rejected — not in Odoo catalog
J07034FC/DARK BLK-2-26,J07034FC/ODKBLK-2-26,PANTALON MUJER,Talla: 26,All attribute values rejected — not in Odoo catalog
J07034FC/DARK BLK-2-27,J07034FC/ODKBLK-2-27,PANTALON MUJER,Talla: 27,All attribute values rejected — not in Odoo catalog
J07034FC/STONE BLK-25,J07034FC/OSTOBLK-25,STONE BLACK,Talla: 25,All attribute values rejected — not in Odoo catalog
J07034FC/STONE BLK-26,J07034FC/OSTOBLK-26,STONE BLACK,Talla: 26,All attribute values rejected — not in Odoo catalog
J07034FC/STONE BLK-27,J07034FC/OSTOBLK-27,STONE BLACK,Talla: 27,All attribute values rejected — not in Odoo catalog
J11063/BLEACH BLUE-25,J11063/OBLEACHBLUE-25,BLEACH BLUE,Talla: 25,All attribute values rejected — not in Odoo catalog
J11063/BLEACH BLUE-26,J11063/OBLEBLUE-26,BLEACH BLUE,Talla: 26,All attribute values rejected — not in Odoo catalog
J11063/BLEACH BLUE-27,J11063/OBLEBLUE-27,BLEACH BLUE,Talla: 27,All attribute values rejected — not in Odoo catalog
J11063/DARK BLUE-25,J11063/ODARK BLUE-25,DARK BLUE,Talla: 25,All attribute values rejected — not in Odoo catalog
J11063/DARK BLUE-26,J11063/ODARK BLUE-26,DARK BLUE,Talla: 26,All attribute values rejected — not in Odoo catalog
I101251/GREY-37,I101251/OGREY-37,ZAPATOS PARA DAMAS,Talla: 37,All attribute values rejected — not in Odoo catalog
I101251/GREY-39,I101251/OGREY-39,ZAPATOS PARA DAMAS,Talla: 39,All attribute values rejected — not in Odoo catalog
I101251/BLACK-37,I101251/OBLACK-37,ZAPATOS PARA DAMAS (i101251_black),Talla: 37,All attribute values rejected — not in Odoo catalog
I101251/BLACK-39,I101251/OBLACK-39,ZAPATOS PARA DAMAS (i101251_black),Talla: 39,All attribute values rejected — not in Odoo catalog
I101251/BEIGE-37,I101251/OBEIGE-37,ZAPATOS PARA DAMAS (i101251_beige),Talla: 37,All attribute values rejected — not in Odoo catalog
I101251/BEIGE-39,I101251/OBEIGE-39,ZAPATOS PARA DAMAS (i101251_beige),Talla: 39,All attribute values rejected — not in Odoo catalog
H721,H721,BOLSO 4 COLORES BRUNO CASSINI,,No attribute values parsed
H723,H723,MOCHILA 8 COLORES BRUNO CASSINI GRANDE,,No attribute values parsed
G07034AS/BLUE-26,G07034AS/OBLUE-26,RINSE BLUE,Talla: 26,All attribute values rejected — not in Odoo catalog
G07034AS/BLUE-27,G07034AS/OBLUE-27,RINSE BLUE,Talla: 27,All attribute values rejected — not in Odoo catalog
G07034AS/LIGHT BLUE-25,G07034AS/OLIGBLUE-25,LIGHT BLUE,Talla: 25,All attribute values rejected — not in Odoo catalog
G07034AS/LIGHT BLUE-26,G07034AS/OLIGBLUE-26,LIGHT BLUE,Talla: 26,All attribute values rejected — not in Odoo catalog
G07034AS/LIGHT BLUE-27,G07034AS/OLIGBLUE-27,LIGHT BLUE,Talla: 27,All attribute values rejected — not in Odoo catalog
FUND-ADAMS,FUND-ADAMS,FUNDAS ADAMS 18FLI,,No attribute values parsed
FUND-CAM-BC,FUND-CAM-BC,FUNDA ADAMS CAMISAS BRUNO CASSINI,,No attribute values parsed
G07034AS/BLUE-25,G07034AS/OBLUE-25,RINSE BLUE,Talla: 25,All attribute values rejected — not in Odoo catalog
FORRO-BC,FORRO-BC,FORRO DE TERNO BRUNO CASSINI,,No attribute values parsed
CORREAS-CIT2006,CORREAS-CIT2006,"CORREAS CINT CUR NAP, 35 PRI",,No attribute values parsed
CORREAS-CIT2009,CORREAS-CIT2009,"CORREAS CINT CUR NAP, 35 PRI (correas_cit2009)",,No attribute values parsed
CORREAS-CIT2152,CORREAS-CIT2152,CORREAS CINT BRUSS # 35,,No attribute values parsed
CORREAS-CIT2153,CORREAS-CIT2153,CORREAS CINT BRUSS # 40,,No attribute values parsed
CORREAS-CIT2169,CORREAS-CIT2169,CORREAS CINT CUERO CREISI # 35,,No attribute values parsed
CRC-DD-2111 BK,CRC-DD-2111 BK,CARCASAS LIGHT BLACK; 2 LIGHT SIZE: 505*190MM 27W 4000-4500K,,No attribute values parsed
CRC-DD-3111 BK,CRC-DD-3111 BK,CARCASAS LIGHT BLACK; 3 LIGHT SIZE: 505*190MM 27W 4000-4500K,,No attribute values parsed
CORREAS-CIT2002,CORREAS-CIT2002,CORREAS CINT CUE 35BR/LISO,,No attribute values parsed
CAMISA-FAB,CAMISA-FAB,CAMISA M/L FAVALLI WHITE,,No attribute values parsed
CAMISA-PERRY ELLIS,CAM-PELLIS/O16.5,CAMISA M/L PERRY ELLIS,,No attribute values parsed
BMO5961,BMO5961,H. PANTALON BUFFALO JECK,,No attribute values parsed
BMO6226,BMO6226,H. PANTALON BUFFALO X-PERT,,No attribute values parsed
BMO6234,BMO6234,H. JEANS MATTHEW BUFFALO,,No attribute values parsed
BMO6483,BMO6483,H. JEANS BUFFALO-X GARRET,,No attribute values parsed
BMO6604,BMO6604,H. JEANS BUFFALO MATHEW,,No attribute values parsed
BMO7209,BMO7209,H. JEANS BUFFALO GAME,,No attribute values parsed
BMO7217,BMO7217,H. JEANS BUFFALO,,No attribute values parsed
BPM7120,BPM7120,JEANS SIMON DE HOMBRE,,No attribute values parsed
BPM7473,BPM7473,KING PANTALON,,No attribute values parsed
BPM7682,BPM7682,JEANS SAX DE HOMBRE 100 ALGODON,,No attribute values parsed
BPM7770,BPM7770,JEANS DE HOMBRE 100 ALGODON (bpm7770),,No attribute values parsed
BPM7775,BPM7775,JEANS DE HOMBRE 100 ALGODON,,No attribute values parsed
BW4624/85-CO,BW4624/O85-CO,Corbatín BW4624/85,,No attribute values parsed
C/CASSINI,C/OCASSINI,CORREAS CASSINI,,No attribute values parsed
C230,C230,PORTAFOLIO 39X25/1X24 BRUNO CASSINI PEQU,,No attribute values parsed
C231,C231,PORTAFOLIO 40X25 BRUNO CASSINI GRANDE,,No attribute values parsed
BL-BRCASSINI,BL-BRCASSINI,M. BLUSA BRUNO CASSINI,,No attribute values parsed
BM10814,BM10814,JEANS SIX HOMBRE,,No attribute values parsed
BM11115,BM11115,JEANS KARSE DE HOMBRE,,No attribute values parsed
BM11131,BM11131,JEANS DRAYANN DE HOMBRE,,No attribute values parsed
BM13521,BM13521,JEANS KOBE HOMBRE 1005 ALGODON,,No attribute values parsed
BM13708,BM13708,KING PANTALON (bm13708),,No attribute values parsed
AR-001,AR-001,ARETES P/DAMA V. MODELOS,Talla: 001,All attribute values rejected — not in Odoo catalog
AR-002,AR-002,ARETES P/DAMA V. MODELOS,Talla: 002,All attribute values rejected — not in Odoo catalog
ARM-01,ARM-01,ARMADOR PARA CAMISAS,Talla: 01,All attribute values rejected — not in Odoo catalog
907,907,VESTIDO,,No attribute values parsed
914,914,VESTIDO,,No attribute values parsed
8656BL-08,8656BL-08,M.PRINCIPIANTE BLUE 08,Talla: 08,All attribute values rejected — not in Odoo catalog
81216-2,81216-2,CAMISAS BRUNO CASSINI,Talla: 2,All attribute values rejected — not in Odoo catalog
81216-2/DOUBL CUFF,81216-2/ODOUBL CUFF,CAMISA BRUNO CASSINI DOBLE PUNO,,No attribute values parsed
81216-4,81216-4,CAMISAS BRUNO CASSINI,Talla: 4,All attribute values rejected — not in Odoo catalog
81216-4/DOUBL CUFF,81216-4/ODOUBL CUFF,CAMISAS BRUNO CASSINI (81216_4_doubl_cuff),,No attribute values parsed
81216-5,81216-5,CAMISAS BRUNO CASSINI,Talla: 5,All attribute values rejected — not in Odoo catalog
7701331092346,7701331092346,BLANCO 32 BRASSIER CHAMELA,,No attribute values parsed
7701331092483,7701331092483,BLANCO S BOXER CHAMELA,,No attribute values parsed
7701331092537,7701331092537,GRIS L BOXER CHAMELA,,No attribute values parsed
7701331095002,7701331095002,NEGRO 32 BRASSIER CHAMELA,,No attribute values parsed
7704170684161,7704170684161,AZUL ELECTRICO 32 BRASSIER,,No attribute values parsed
6FFD5029-126-15.S1,7453085625300,CAMISA DE VESTIR ML P/H 100 ALGODON 32 -33,,No attribute values parsed
6FFD5029-126-16.5.S1,7453085625348,CAMISA DE VESTIR ML P/H 100 ALGODON 32 -33 (6ffd5029_126_16_5_s1),,No attribute values parsed
6FFD5029-126-16.S2,7453085625355,CAMISA DE VESTIR ML P/H 100 ALGODON 34 - 35,,No attribute values parsed
6FFD5029-126-17.S2,7453085625379,CAMISA DE VESTIR ML P/H 100 ALGODON 34 - 35 (6ffd5029_126_17_s2),,No attribute values parsed
64/FA420015,64/OFA420015,CAMISA CON ESTAMPADO FLORAL M/L,,No attribute values parsed
5HFD2002-471-14.5.S1,7453085609836,CAMISAS DE VESTIR M/L P/H 100 ALGODON,,No attribute values parsed
5HFD2002-471-15.5.S1,7450034469572,CAMISAS DE VESTIR M/L P/H 100 ALGODON (5hfd2002_471_15_5_s1),,No attribute values parsed
5HFD2002-471-15.5.S2,7450034469589,CAMISAS DE VESTIR M/L P/H 100 ALGODON DELFT,,No attribute values parsed
5HFD2002-471-15.S1,7450034469565,CAMISAS DE VESTIR M/L P/H 100 ALGODON DELFT (5hfd2002_471_15_s1),,No attribute values parsed
5HFD2002-471-16.5.S1,7450034469619,CAMISAS DE VESTIR M/L P/H 100 ALGODON DELFT (5hfd2002_471_16_5_s1),,No attribute values parsed
5HFD2002-471-16.5.S2,7450034469626,CAMISAS DE VESTIR M/L P/H 100 ALGODON DELFT (5hfd2002_471_16_5_s2),,No attribute values parsed
5HFD2002-471-16.S2,7450034469602,CAMISAS DE VESTIR M/L P/H 100 ALGODON DELFT (5hfd2002_471_16_s2),,No attribute values parsed
5HFD2002-471-17.5.S1,7453085609850,CAMISAS DE VESTIR M/L P/H 100 ALGODON DELFT (5hfd2002_471_17_5_s1),,No attribute values parsed
5HFD2002-471-17.5.S2,7450034469640,CAMISAS DE VESTIR M/L P/H 100 ALGODON DELFT (5hfd2002_471_17_5_s2),,No attribute values parsed
5HFD2002-471-17.S1,7453085609843,CAMISAS DE VESTIR M/L P/H 100 ALGODON (5hfd2002_471_17_s1),,No attribute values parsed
5HFD2002-471-17.S2,7450034469633,CAMISAS DE VESTIR M/L P/H 100 ALGODON DELFT (5hfd2002_471_17_s2),,No attribute values parsed
5HFD2031-496-14.5.S1,7453085609553,CAMISAS DE VESTIR M/L KENTUCK BLUE,,No attribute values parsed
5HFD2031-496-15.5.S1,7450034469848,CAMISAS DE VESTIR M/L KENTUCK BLUE (5hfd2031_496_15_5_s1),,No attribute values parsed
5HFD2031-496-15.5.S2,7450034469855,CAMISAS DE VESTIR M/L KENTUCK BLUE (5hfd2031_496_15_5_s2),,No attribute values parsed
5HFD2031-496-15.S1,7450034469831,CAMISAS DE VESTIR M/L KENTUCK BLUE (5hfd2031_496_15_s1),,No attribute values parsed
5HFD2031-496-16.5.S1,7450034469886,CAMISAS DE VESTIR M/L KENTUCK BLUE (5hfd2031_496_16_5_s1),,No attribute values parsed
5HFD2031-496-16.5.S2,7450034469893,CAMISAS DE VESTIR M/L KENTUCK BLUE (5hfd2031_496_16_5_s2),,No attribute values parsed
5HFD2031-496-16.S1,7450034469862,CAMISAS DE VESTIR M/L KENTUCK BLUE (5hfd2031_496_16_s1),,No attribute values parsed
5HFD2031-496-16.S2,7450034469879,CAMISAS DE VESTIR M/L KENTUCK BLUE (5hfd2031_496_16_s2),,No attribute values parsed
5HFD2031-496-17.5.S1,7453085609577,CAMISAS DE VESTIR M/L KENTUCK BLUE (5hfd2031_496_17_5_s1),,No attribute values parsed
5HFD2031-496-17.5.S2,7450034469916,CAMISAS DE VESTIR M/L KENTUCK BLUE (5hfd2031_496_17_5_s2),,No attribute values parsed
5HFD2031-496-17.S1,7453085609560,CAMISAS DE VESTIR M/L KENTUCK BLUE (5hfd2031_496_17_s1),,No attribute values parsed
5HFD2031-496-17.S2,7450034469909,CAMISAS DE VESTIR M/L KENTUCK BLUE (5hfd2031_496_17_s2),,No attribute values parsed
5HFD2031-496-18.S2,7453085609584,CAMISAS DE VESTIR M/L KENTUCK BLUE (5hfd2031_496_18_s2),,No attribute values parsed
5010,5010,Camisa 5010,,No attribute values parsed
4BSB8103-933/34X32,7453085609294,JEANS CASUAL P/H PERRY ELLIS COBALT,,No attribute values parsed
4BSB8103-933/34X34,7453085609300,JEANS CASUAL P/H PERRY ELLIS COBALT (4bsb8103_933_34x34),,No attribute values parsed
4BSB8103-933/36X32,7453085609317,JEANS CASUAL P/H PERRY ELLIS COBALT (4bsb8103_933_36x32),,No attribute values parsed
4BSB8103-933/36X34,7453085609324,JEANS CASUAL P/H PERRY ELLIS COBALT (4bsb8103_933_36x34),,No attribute values parsed
4BSB8102-010/34X32,7453085608877,JEANS P/H PERRY ELLIS BLACK,,No attribute values parsed
4BSB8102-010/34X34,7453085608884,JEANS P/H PERRY ELLIS BLACK (4bsb8102_010_34x34),,No attribute values parsed
4BSB8102-010/36X32,7453085608891,JEANS P/H PERRY ELLIS BLACK (4bsb8102_010_36x32),,No attribute values parsed
4BSB8102-464/34X32,7453085608730,JEANS P/H PERRY ELLIS BAY BLUE,,No attribute values parsed
4BSB8102-464/36X32,7453085608754,JEANS P/H PERRY ELLIS BAY BLUE (4bsb8102_464_36x32),,No attribute values parsed
4BSB8102-464/36X34,7453085608761,JEANS P/H PERRY ELLIS BAY BLUE (4bsb8102_464_36x34),,No attribute values parsed
4BMB5345-238/32X34,094832979733,PANTALON P/H PERRY ELLIS DECADENT CHOCOLATE,,No attribute values parsed
4BMB5345-238/34X32,094832979689,PANTALON P/H PERRY ELLIS DECADENT CHOCOLATE (4bmb5345_238_34x32),,No attribute values parsed
4BMB5345-238/34X34,094832979740,PANTALON P/H PERRY ELLIS DECADENT CHOCOLATE (4bmb5345_238_34x34),,No attribute values parsed
4BMB5345-238/36X32,094832979696,PANTALON P/H PERRY ELLIS DECADENT CHOCOLATE (4bmb5345_238_36x32),,No attribute values parsed
4BMB5345-238/38X32,094832979702,PANTALON P/H PERRY ELLIS DECADENT CHOCOLATE (4bmb5345_238_38x32),,No attribute values parsed
4BMB5345-485/30X32,094832979900,PANTALON P/H PERRY ELLIS CLEAR COBALT,,No attribute values parsed
4BMB5345-485/32X32,094832979924,PANTALON P/H PERRY ELLIS CLEAR COBALT (4bmb5345_485_32x32),,No attribute values parsed
4BMB5345-485/34X32,094832979948,PANTALON P/H PERRY ELLIS CLEAR COBALT (4bmb5345_485_34x32),,No attribute values parsed
4BMB5345-485/36X32,094832979955,PANTALON P/H PERRY ELLIS CLEAR COBALT (4bmb5345_485_36x32),,No attribute values parsed
4BMB5345-485/36X34,094832980012,PANTALON P/H PERRY ELLIS CLEAR COBALT (4bmb5345_485_36x34),,No attribute values parsed
4BMB5345-485/38X32,094832979962,PANTALON P/H PERRY ELLIS CLEAR COBALT (4bmb5345_485_38x32),,No attribute values parsed
43500-SAL,43500-SAL,SALMON 32 BRASIER ESENCIAL ST EVEN,,No attribute values parsed
43FW2005,43FW2005,CAMISA M/C CASUAL HOMBRE (43fw2005),,No attribute values parsed
43SW7026,43SW7026,CAMISA M/C CASUAL HOMBRE,,No attribute values parsed
43SW8093,43SW8093,CAMISA M/L CASUAL HOMBRE,,No attribute values parsed
273-1,273-1,H.PANTALON BRUNO CASSINI,Talla: 1,All attribute values rejected — not in Odoo catalog
273-4,273-4,H.PANTALON BRUNO CASSINI,Talla: 4,All attribute values rejected — not in Odoo catalog
2279DW,2279DW,VESTIDO CQ BY CQ T.S,,No attribute values parsed
15/FA4470010,15/OFA4470010,CAMISA M/C CON CONTRASTE LATERAL/BUTTON DOWN,,No attribute values parsed
109-1202TAN,109-1202TAN,H. PANTALON TAN TED LAPIDUS,,No attribute values parsed
109-7022NAV2,109-7022NAV2,H. PANTALON NAVY #2 TED LP,,No attribute values parsed
109-7022NAV9,109-7022NAV9,H. PANTALON NAVY #9 TED LP,,No attribute values parsed
109-7036BRW,109-7036BRW,H. PANTALON BROWN TED LAPIDUS,,No attribute values parsed
109-7037BL,109-7037BL,H. PANTALON BLACK TED LAPIDUS,,No attribute values parsed
109-7037BRW,109-7037BRW,H. PANTALON BROWN TED LP,,No attribute values parsed
109-7037CHR,109-7037CHR,H. PANTALON CHARCOAL TED LP,,No attribute values parsed
109-7037KHK,109-7037KHK,H. PANTALON KHAKI TED LAPIDUS,,No attribute values parsed
11940 (32),11940 (32),M. BRASSIER BLANCO TL 32,,No attribute values parsed
10/FA100004,10/OFA100004,T-SHIRT ESTAMAPDO INDICE,,No attribute values parsed
10/FA400002,10/OFA400002,CAMISA OXFORD CUELLO COREANO M/L,,No attribute values parsed
10133-F,10133-F,LIGTH 12V; IP65; 52MM; H:8MM; W//BLACK COVER; STAINLESS STEE,,No attribute values parsed
08/FA100004,08/OFA100004,CAMISETA ESTAMAPADO,,No attribute values parsed
03/FA700008W140,03/OFA700008W140,JEANS SUPER SKINNY DIRTY,,No attribute values parsed
03/FA700010,03/OFA700010,JEANS SUPER SKINNY,,No attribute values parsed
03/FA700015,03/OFA700015,PANTALON MORATO,,No attribute values parsed
01/FA750019W090,01/OFA750019W090,JEANS EXTRA DON GIOVANNI,,No attribute values parsed
01/FA760005,01/OFA760005,PANTALON MORATO ROSADO/AZUL/VARIOS/BLANCO,,No attribute values parsed
01/FA760005-RO,01/OFA760005-RO,PANTALON MORATO ROSADO MODEL,,No attribute values parsed
01/FA760006,01/OFA760006,PANTALON EXTRA SKINNY CAFÉ CLARO,,No attribute values parsed
01/FA800009,01/OFA800009,JEANS EXTRA SKINNY NARANJA/AZUL/BLANCO,,No attribute values parsed
