odoo_ext_id,tmpl_id,tmpl_name,variant_values,reason
__export__.product_product_16_be6c1774,__export__.product_template_9_90baf1a5,TEST,"Talla: 14.5,Manga de Camisa: S1 - 32/33",Not present in Phase 2 or simple CSV
__export__.product_product_18_c641cf1b,__export__.product_template_9_90baf1a5,TEST,"Talla: 15,Manga de Camisa: S1 - 32/33",Not present in Phase 2 or simple CSV
__export__.product_product_19_eb949bfb,__export__.product_template_9_90baf1a5,TEST,"Talla: 15,Manga de Camisa: S2 - 34/35",Not present in Phase 2 or simple CSV
__export__.product_product_20_bbfbd9f1,__export__.product_template_9_90baf1a5,TEST,"Talla: 15.5,Manga de Camisa: S1 - 32/33",Not present in Phase 2 or simple CSV
__export__.product_product_21_a1b3d848,__export__.product_template_9_90baf1a5,TEST,"Talla: 15.5,Manga de Camisa: S2 - 34/35",Not present in Phase 2 or simple CSV
__export__.product_product_28_25a5ee16,__export__.product_template_9_90baf1a5,TEST,"Talla: 16,Manga de Camisa: S1 - 32/33",Not present in Phase 2 or simple CSV
__export__.product_product_29_34239ea1,__export__.product_template_9_90baf1a5,TEST,"Talla: 16,Manga de Camisa: S2 - 34/35",Not present in Phase 2 or simple CSV
__export__.product_product_22_94f7757e,__export__.product_template_9_90baf1a5,TEST,"Talla: 16.5,Manga de Camisa: S1 - 32/33",Not present in Phase 2 or simple CSV
__export__.product_product_23_a63f9bc7,__export__.product_template_9_90baf1a5,TEST,"Talla: 16.5,Manga de Camisa: S2 - 34/35",Not present in Phase 2 or simple CSV
__export__.product_product_24_e8e448e8,__export__.product_template_9_90baf1a5,TEST,"Talla: 17,Manga de Camisa: S1 - 32/33",Not present in Phase 2 or simple CSV
__export__.product_product_25_9be24158,__export__.product_template_9_90baf1a5,TEST,"Talla: 17,Manga de Camisa: S2 - 34/35",Not present in Phase 2 or simple CSV
__export__.product_product_26_92b74909,__export__.product_template_9_90baf1a5,TEST,"Talla: 17.5,Manga de Camisa: S1 - 32/33",Not present in Phase 2 or simple CSV
__export__.product_product_27_81507176,__export__.product_template_9_90baf1a5,TEST,"Talla: 17.5,Manga de Camisa: S2 - 34/35",Not present in Phase 2 or simple CSV
__export__.product_product_95552_e2d5d8c9,__import__.product_template_pul19_09,ACCESORIO - 2019-09,,Not present in Phase 2 or simple CSV
__export__.product_product_95555_9b98b81f,__import__.product_template_acce19_09,ACCESORIO - 2019-09 (acce19_09),"Ancho Corbata: 6 cm,Talla: 8",Not present in Phase 2 or simple CSV
__export__.product_product_95556_cc4ea888,__import__.product_template_acce19_09,ACCESORIO - 2019-09 (acce19_09),"Ancho Corbata: 6 cm,Talla: 9",Not present in Phase 2 or simple CSV
__export__.product_product_95557_e14f5c46,__import__.product_template_acce19_09,ACCESORIO - 2019-09 (acce19_09),"Ancho Corbata: 7 cm,Talla: 8",Not present in Phase 2 or simple CSV
__export__.product_product_95558_6a84625e,__import__.product_template_acce19_09,ACCESORIO - 2019-09 (acce19_09),"Ancho Corbata: 7 cm,Talla: 9",Not present in Phase 2 or simple CSV
__export__.product_product_95635_d21ab8f3,__import__.product_template_acce_12,BISUTERIA VARIOS MODELOS,,Not present in Phase 2 or simple CSV
__export__.product_product_89605_37630457,__import__.product_template_bl_dafne_na_ca,BLUSA DAFNE P/DAMA NARANJA CAFE,,Not present in Phase 2 or simple CSV
__export__.product_product_88308_737edcde,__import__.product_template_ern_sabat_1259_wm,BLUSA DE DAMA P/S BRUNO CASSINI WHITE T.S,,Not present in Phase 2 or simple CSV
__export__.product_product_96352_ce7f0e37,__import__.product_template_16834,"BOXER CHAMELA AZUL, ROSA",,Not present in Phase 2 or simple CSV
__export__.product_product_96356_eed543d4,__import__.product_template_16904,BOXER CHAMELA ROSA,,Not present in Phase 2 or simple CSV
__export__.product_product_96314_e8cea88c,__import__.product_template_43500_bl,BRASIER ESENCIAL ST-EVEN,,Not present in Phase 2 or simple CSV
__export__.product_product_96313_e9450b96,__import__.product_template_43500_am,BRASIER ESENCIAL ST. EVEN (43500_am),,Not present in Phase 2 or simple CSV
__export__.product_product_96324_dcd5edda,__import__.product_template_41680,BRASIER ROMANTICO ST. EVEN,,Not present in Phase 2 or simple CSV
__export__.product_product_96361_0802af33,__import__.product_template_17911_bl,BRASILERA CHAMELA (BLANCO),,Not present in Phase 2 or simple CSV
__export__.product_product_96318_839f2231,__import__.product_template_43541,BRASILERA ROMANTICA,,Not present in Phase 2 or simple CSV
__export__.product_product_96351_40699e62,__import__.product_template_16380,BRASSIER CHAMELA,,Not present in Phase 2 or simple CSV
__export__.product_product_96380_e3a5a563,__import__.product_template_15290,BRASSIER CHAMELA (15290),,Not present in Phase 2 or simple CSV
__export__.product_product_96357_4dd079f2,__import__.product_template_17910_bl,BRASSIER CHAMELA (BLANCO),,Not present in Phase 2 or simple CSV
__export__.product_product_96358_e5ccf98b,__import__.product_template_17910_ne,BRASSIER CHAMELA (NEGRO),,Not present in Phase 2 or simple CSV
__export__.product_product_96350_5b0dc9b8,__import__.product_template_16360,"BRASSIER CHAMELA BLANCO, MORADO",,Not present in Phase 2 or simple CSV
__export__.product_product_96355_5df04a35,__import__.product_template_16900,BRASSIER CHAMELA ROSA,,Not present in Phase 2 or simple CSV
__export__.product_product_96145_ec2b42ef,__import__.product_template_cv_k02_083,CAMISA M/C CUADROS - FUCHSIA,,Not present in Phase 2 or simple CSV
__export__.product_product_96181_3f50fbdb,__import__.product_template_81216,CAMISAS BRUNO CASSINI,,Not present in Phase 2 or simple CSV
__export__.product_product_95560_a2f7c0c2,__import__.product_template_cart_g_08,CARTERA GRANDE VARIOS MODELOS,,Not present in Phase 2 or simple CSV
__export__.product_product_85778_097fb8fb,__import__.product_template_5010,CONJUNTO BRAZZIER - INT,"Talla: 17.5,Manga de Camisa: S1 - 32/33",Not present in Phase 2 or simple CSV
__export__.product_product_85791_53bfca9c,__import__.product_template_11303,Camisa 11303,"Talla: 14.5,Manga de Camisa: S2 - 34/35",Not present in Phase 2 or simple CSV
__export__.product_product_85802_2a40dfaf,__import__.product_template_11303,Camisa 11303,"Talla: 17.5,Manga de Camisa: S1 - 32/33",Not present in Phase 2 or simple CSV
__export__.product_product_85812_90cfd1d2,__import__.product_template_11304,Camisa 11304,"Talla: 14.5,Manga de Camisa: S2 - 34/35",Not present in Phase 2 or simple CSV
__export__.product_product_85823_8eae30fe,__import__.product_template_11304,Camisa 11304,"Talla: 17.5,Manga de Camisa: S1 - 32/33",Not present in Phase 2 or simple CSV
__export__.product_product_86009_e45bb0ff,__import__.product_template_11704,Camisa 11704,"Talla: 14.5,Manga de Camisa: S2 - 34/35",Not present in Phase 2 or simple CSV
__export__.product_product_86020_492e1dca,__import__.product_template_11704,Camisa 11704,"Talla: 17.5,Manga de Camisa: S1 - 32/33",Not present in Phase 2 or simple CSV
__export__.product_product_94476_352889ec,__import__.product_template_11901,Camisa 11901,Manga de Camisa: S1 - 32/33,Not present in Phase 2 or simple CSV
__export__.product_product_94477_17b049c0,__import__.product_template_11901,Camisa 11901,Manga de Camisa: S2 - 34/35,Not present in Phase 2 or simple CSV
__export__.product_product_86072_894679db,__import__.product_template_1509,Camisa 1509,"Talla: 14.5,Manga de Camisa: S2 - 34/35",Not present in Phase 2 or simple CSV
__export__.product_product_86083_c8abcc38,__import__.product_template_1509,Camisa 1509,"Talla: 17.5,Manga de Camisa: S1 - 32/33",Not present in Phase 2 or simple CSV
__export__.product_product_87567_6223f36e,__import__.product_template_16301,Camisa 16301,"Talla: 17.5,Manga de Camisa: S1 - 32/33",Not present in Phase 2 or simple CSV
__export__.product_product_87472_870a4b1c,__import__.product_template_16701,Camisa 16701,"Talla: 14.5,Manga de Camisa: S2 - 34/35",Not present in Phase 2 or simple CSV
__export__.product_product_87483_3cb28eb0,__import__.product_template_16701,Camisa 16701,"Talla: 17.5,Manga de Camisa: S1 - 32/33",Not present in Phase 2 or simple CSV
__export__.product_product_87575_c1fdf9af,__import__.product_template_17601,Camisa 17601,"Talla: 14.5,Manga de Camisa: S2 - 34/35",Not present in Phase 2 or simple CSV
__export__.product_product_87577_57f43e5a,__import__.product_template_17601,Camisa 17601,"Talla: 15,Manga de Camisa: S2 - 34/35",Not present in Phase 2 or simple CSV
__export__.product_product_87582_9a822a6d,__import__.product_template_17601,Camisa 17601,"Talla: 17.5,Manga de Camisa: S1 - 32/33",Not present in Phase 2 or simple CSV
__export__.product_product_93486_471ca94b,__import__.product_template_17604,Camisa 17604,"Talla: 14.5,Manga de Camisa: S2 - 34/35",Not present in Phase 2 or simple CSV
__export__.product_product_93497_1df57b69,__import__.product_template_17604,Camisa 17604,"Talla: 17.5,Manga de Camisa: S1 - 32/33",Not present in Phase 2 or simple CSV
__export__.product_product_85749_1049eb0c,__import__.product_template_18001,Camisa 18001,"Talla: 14.5,Manga de Camisa: S2 - 34/35",Not present in Phase 2 or simple CSV
__export__.product_product_85760_ed7f5bc3,__import__.product_template_18001,Camisa 18001,"Talla: 17.5,Manga de Camisa: S1 - 32/33",Not present in Phase 2 or simple CSV
__export__.product_product_94596_a0498076,__import__.product_template_19203,Camisa 19203,Manga de Camisa: S1 - 32/33,Not present in Phase 2 or simple CSV
__export__.product_product_94597_0c0b7d1a,__import__.product_template_19203,Camisa 19203,Manga de Camisa: S2 - 34/35,Not present in Phase 2 or simple CSV
__export__.product_product_87257_745b5e9a,__import__.product_template_200,Camisa 200,"Talla: 14.5,Manga de Camisa: S2 - 34/35",Not present in Phase 2 or simple CSV
__export__.product_product_87266_5eed8b67,__import__.product_template_200,Camisa 200,"Talla: 17.5,Manga de Camisa: S1 - 32/33",Not present in Phase 2 or simple CSV
__export__.product_product_93500_97843695,__import__.product_template_20002,Camisa 20002,Manga de Camisa: S1 - 32/33,Not present in Phase 2 or simple CSV
__export__.product_product_93501_eb1fb5d6,__import__.product_template_20002,Camisa 20002,Manga de Camisa: S2 - 34/35,Not present in Phase 2 or simple CSV
__export__.product_product_87447_7fffcda0,__import__.product_template_30201,Camisa 30201,"Talla: 17.5,Manga de Camisa: S1 - 32/33",Not present in Phase 2 or simple CSV
__export__.product_product_85984_1aa03742,__import__.product_template_5011,Camisa 5011,"Talla: 14.5,Manga de Camisa: S2 - 34/35",Not present in Phase 2 or simple CSV
__export__.product_product_85987_10af985d,__import__.product_template_5011,Camisa 5011,"Talla: 16,Manga de Camisa: S1 - 32/33",Not present in Phase 2 or simple CSV
__export__.product_product_85993_f08a4701,__import__.product_template_5011,Camisa 5011,"Talla: 17.5,Manga de Camisa: S1 - 32/33",Not present in Phase 2 or simple CSV
__export__.product_product_87285_ccef36b7,__import__.product_template_5207,Camisa 5207,"Talla: 14.5,Manga de Camisa: S2 - 34/35",Not present in Phase 2 or simple CSV
__export__.product_product_87337_f2fafd02,__import__.product_template_5252,Camisa 5252,"Talla: 14.5,Manga de Camisa: S2 - 34/35",Not present in Phase 2 or simple CSV
__export__.product_product_87356_c4e64fcd,__import__.product_template_5305,Camisa 5305,"Talla: 14.5,Manga de Camisa: S2 - 34/35",Not present in Phase 2 or simple CSV
__export__.product_product_94572_af08d001,__import__.product_template_562,Camisa 562,Manga de Camisa: S1 - 32/33,Not present in Phase 2 or simple CSV
__export__.product_product_94573_604c2943,__import__.product_template_562,Camisa 562,Manga de Camisa: S2 - 34/35,Not present in Phase 2 or simple CSV
__export__.product_product_87509_02ce741d,__import__.product_template_6901,Camisa 6901,"Talla: 14.5,Manga de Camisa: S2 - 34/35",Not present in Phase 2 or simple CSV
__export__.product_product_87155_7ae59eb2,__import__.product_template_8500,Camisa 8500,"Talla: 17.5,Manga de Camisa: S1 - 32/33",Not present in Phase 2 or simple CSV
__export__.product_product_87165_dfa0173c,__import__.product_template_8502,Camisa 8502,"Talla: 14.5,Manga de Camisa: S2 - 34/35",Not present in Phase 2 or simple CSV
__export__.product_product_87176_63c9fe27,__import__.product_template_8502,Camisa 8502,"Talla: 17.5,Manga de Camisa: S1 - 32/33",Not present in Phase 2 or simple CSV
__export__.product_product_93338_7ea2b980,__import__.product_template_8831,Camisa 8831,Manga de Camisa: S1 - 32/33,Not present in Phase 2 or simple CSV
__export__.product_product_93339_fa2eaa97,__import__.product_template_8831,Camisa 8831,Manga de Camisa: S2 - 34/35,Not present in Phase 2 or simple CSV
__export__.product_product_86318_b48e909d,__import__.product_template_ch_24es296_4,Chaleco CH-24ES296-4,,Not present in Phase 2 or simple CSV
__export__.product_product_89192_f71a816a,__import__.product_template_bw4624_64,Corbata BW4624/64,,Not present in Phase 2 or simple CSV
__export__.product_product_96171_ea401d36,__import__.product_template_bw4624_98,Corbata BW4624/98,,Not present in Phase 2 or simple CSV
__export__.product_product_95055_7bb83f5c,__import__.product_template_kse_5022,Corbata KSE-5022,,Not present in Phase 2 or simple CSV
__export__.product_product_89127_b6d44881,__import__.product_template_mf8997_11,Corbata MF8997/11,,Not present in Phase 2 or simple CSV
__export__.product_product_95937_93536da0,__import__.product_template_s299_301,Corbata S299/301,,Not present in Phase 2 or simple CSV
__export__.product_product_95940_dac5c918,__import__.product_template_s299_303,Corbata S299/303,,Not present in Phase 2 or simple CSV
__export__.product_product_95915_b8e642cf,__import__.product_template_s299_322,Corbata S299/322,,Not present in Phase 2 or simple CSV
__export__.product_product_95863_149a18ac,__import__.product_template_xlh1639_11_black,Corbata XLH1639-11/BLACK,,Not present in Phase 2 or simple CSV
__export__.product_product_94692_7596b4f1,__import__.product_template_fund_neg,FUNDA PREMIUN NEGRA P/ACCESORIO,,Not present in Phase 2 or simple CSV
__export__.product_product_88760_0542b02e,__import__.product_template_tl_x25_502c_a,H. BERMUDA P/HOMBRE TED LAPIDUS KHAKI,,Not present in Phase 2 or simple CSV
__export__.product_product_88808_9de42fbd,__import__.product_template_tl_x25_502b_a,H. BERMUDA P/HOMBRE TED LAPIDUS NAVY,,Not present in Phase 2 or simple CSV
__export__.product_product_85904_b4389bda,__import__.product_template_17605bg_dc,H. CAMISA D/P BIG SIZE BRUNO CASSINI BLACK 34-35,"Talla: 19.5,Manga de Camisa: S1 - 32/33",Not present in Phase 2 or simple CSV
__export__.product_product_85906_46e2a0cd,__import__.product_template_17605bg_dc,H. CAMISA D/P BIG SIZE BRUNO CASSINI BLACK 34-35,"Talla: 20,Manga de Camisa: S1 - 32/33",Not present in Phase 2 or simple CSV
__export__.product_product_85831_5d3d26d5,__import__.product_template_17604bg_dc,H. CAMISA D/P BIG SIZE BRUNO CASSINI DARK BLUE 32-33,"Talla: 18,Manga de Camisa: S2 - 34/35",Not present in Phase 2 or simple CSV
__export__.product_product_85836_2ffb2714,__import__.product_template_17604bg_dc,H. CAMISA D/P BIG SIZE BRUNO CASSINI DARK BLUE 32-33,"Talla: 19.5,Manga de Camisa: S1 - 32/33",Not present in Phase 2 or simple CSV
__export__.product_product_85838_193bde68,__import__.product_template_17604bg_dc,H. CAMISA D/P BIG SIZE BRUNO CASSINI DARK BLUE 32-33,"Talla: 20,Manga de Camisa: S1 - 32/33",Not present in Phase 2 or simple CSV
__export__.product_product_85872_f0e5dbdd,__import__.product_template_17601bg_dc,H. CAMISA D/P BIG SIZE BRUNO CASSINI WHITE 32-33,"Talla: 19,Manga de Camisa: S1 - 32/33",Not present in Phase 2 or simple CSV
__export__.product_product_85874_0d8f82d9,__import__.product_template_17601bg_dc,H. CAMISA D/P BIG SIZE BRUNO CASSINI WHITE 32-33,"Talla: 20,Manga de Camisa: S1 - 32/33",Not present in Phase 2 or simple CSV
__export__.product_product_85730_8485f6be,__import__.product_template_17605dc,H. CAMISA D/P BLACK BRUNO CASSINI 32-33,"Talla: 14.5,Manga de Camisa: S2 - 34/35",Not present in Phase 2 or simple CSV
__export__.product_product_87129_991ffe89,__import__.product_template_8504dc,H. CAMISA D/P BLUE BRUNO CASSINI 32-33,"Talla: 14.5,Manga de Camisa: S2 - 34/35",Not present in Phase 2 or simple CSV
__export__.product_product_87140_192719c8,__import__.product_template_8504dc,H. CAMISA D/P BLUE BRUNO CASSINI 32-33,"Talla: 17.5,Manga de Camisa: S1 - 32/33",Not present in Phase 2 or simple CSV
__export__.product_product_88470_1c57c01f,__import__.product_template_a151_82dc,H. CAMISA D/P BRUNO CASSINI BLACK 32-33,"Talla: 14.5,Manga de Camisa: S2 - 34/35",Not present in Phase 2 or simple CSV
__export__.product_product_88479_2adff488,__import__.product_template_a151_82dc,H. CAMISA D/P BRUNO CASSINI BLACK 32-33,"Talla: 17.5,Manga de Camisa: S1 - 32/33",Not present in Phase 2 or simple CSV
__export__.product_product_93305_cf98d3e2,__import__.product_template_12001dc,H. CAMISA D/P BRUNO CASSINI WHITE 34-35 (12001dc),Manga de Camisa: S1 - 32/33,Not present in Phase 2 or simple CSV
__export__.product_product_93306_de4d31f9,__import__.product_template_12001dc,H. CAMISA D/P BRUNO CASSINI WHITE 34-35 (12001dc),Manga de Camisa: S2 - 34/35,Not present in Phase 2 or simple CSV
__export__.product_product_85851_945a7fc1,__import__.product_template_17604dc,H. CAMISA D/P DARK BLUE BRUNO CASSINI 32-33,"Talla: 14.5,Manga de Camisa: S2 - 34/35",Not present in Phase 2 or simple CSV
__export__.product_product_85855_a6e18eee,__import__.product_template_17604dc,H. CAMISA D/P DARK BLUE BRUNO CASSINI 32-33,"Talla: 15.5,Manga de Camisa: S2 - 34/35",Not present in Phase 2 or simple CSV
__export__.product_product_85857_ef6e0ed9,__import__.product_template_17604dc,H. CAMISA D/P DARK BLUE BRUNO CASSINI 32-33,"Talla: 16,Manga de Camisa: S2 - 34/35",Not present in Phase 2 or simple CSV
__export__.product_product_85858_028e4744,__import__.product_template_17604dc,H. CAMISA D/P DARK BLUE BRUNO CASSINI 32-33,"Talla: 16.5,Manga de Camisa: S1 - 32/33",Not present in Phase 2 or simple CSV
__export__.product_product_85860_daada5b4,__import__.product_template_17604dc,H. CAMISA D/P DARK BLUE BRUNO CASSINI 32-33,"Talla: 17,Manga de Camisa: S1 - 32/33",Not present in Phase 2 or simple CSV
__export__.product_product_87237_226a2a50,__import__.product_template_17601dc,H. CAMISA D/P WHITE BRUNO CASSINI 32-33 (17601dc),"Talla: 14.5,Manga de Camisa: S2 - 34/35",Not present in Phase 2 or simple CSV
__export__.product_product_87248_883aeecc,__import__.product_template_17601dc,H. CAMISA D/P WHITE BRUNO CASSINI 32-33 (17601dc),"Talla: 17.5,Manga de Camisa: S1 - 32/33",Not present in Phase 2 or simple CSV
__export__.product_product_87184_52a50003,__import__.product_template_a156_1dc,H. CAMISA D/P WHITE BRUNO CASSINI 32-33 (a156_1dc),"Talla: 14.5,Manga de Camisa: S2 - 34/35",Not present in Phase 2 or simple CSV
__export__.product_product_88914_7c79eaa9,__import__.product_template_lbpc_a03_217s_rs,H. CAMISA M/C LONG BEACH ROSE,,Not present in Phase 2 or simple CSV
__export__.product_product_94790_02309d8f,__import__.product_template_eft_dc_bu,H. CAMISA P/CABALLERO D/P BLUE 34-35 BRUNO CASSINI,Manga de Camisa: S1 - 32/33,Not present in Phase 2 or simple CSV
__export__.product_product_94791_c68306c5,__import__.product_template_eft_dc_bu,H. CAMISA P/CABALLERO D/P BLUE 34-35 BRUNO CASSINI,Manga de Camisa: S2 - 34/35,Not present in Phase 2 or simple CSV
__export__.product_product_94788_5940c7b0,__import__.product_template_l21sw_1,H. CAMISA P/CABALLERO M/C WHITE 34-35 BRUNO CASSINI,,Not present in Phase 2 or simple CSV
__export__.product_product_94760_590c6a47,__import__.product_template_58c_29c_bu,H. CAMISA P/CABALLERO P/S BLUE 32-33 BRUNO CASSINI,"Talla: 14.5,Manga de Camisa: S2 - 34/35",Not present in Phase 2 or simple CSV
__export__.product_product_94763_218ffa50,__import__.product_template_3_2_d_17_bu,H. CAMISA P/CABALLERO P/S BLUE 32-33 BRUNO CASSINI (3_2_d_17_bu),,Not present in Phase 2 or simple CSV
__export__.product_product_94764_27b8db00,__import__.product_template_enstdo_4_bu,H. CAMISA P/CABALLERO P/S BLUE 32-33 BRUNO CASSINI (enstdo_4_bu),,Not present in Phase 2 or simple CSV
__export__.product_product_94754_f11d183c,__import__.product_template_3_2_d_9_bu,H. CAMISA P/CABALLERO P/S BLUE 34-35 BRUNO CASSINI,"Talla: 14.5,Manga de Camisa: S2 - 34/35",Not present in Phase 2 or simple CSV
__export__.product_product_94787_09d9489d,__import__.product_template_rl_bl,H. CAMISA P/CABALLERO P/S LIGHT BLUE 32-33 BRUNO CASSINI,,Not present in Phase 2 or simple CSV
__export__.product_product_94777_cfb13e25,__import__.product_template_14c_cpt_bn,H. CAMISA P/CABALLERO P/S NAVY 34-35 BRUNO CASSINI,"Talla: 14.5,Manga de Camisa: S2 - 34/35",Not present in Phase 2 or simple CSV
__export__.product_product_94766_a3439c4e,__import__.product_template_3_2mh_or,H. CAMISA P/CABALLERO P/S ORANGE 34-35 BRUNO CASSINI,Manga de Camisa: S1 - 32/33,Not present in Phase 2 or simple CSV
__export__.product_product_94767_5f9fcc8d,__import__.product_template_3_2mh_or,H. CAMISA P/CABALLERO P/S ORANGE 34-35 BRUNO CASSINI,Manga de Camisa: S2 - 34/35,Not present in Phase 2 or simple CSV
__export__.product_product_94780_d1c9b2b8,__import__.product_template_esns_pk,H. CAMISA P/CABALLERO P/S PINK 32-33 BRUNO CASSINI,,Not present in Phase 2 or simple CSV
__export__.product_product_94771_5824d256,__import__.product_template_3_2tc_rd,H. CAMISA P/CABALLERO P/S RED 34-35 BRUNO CASSINI,"Talla: 14.5,Manga de Camisa: S2 - 34/35",Not present in Phase 2 or simple CSV
__export__.product_product_88485_7f640760,__import__.product_template_a151_82bg,H. CAMISA P/S BIG SIZE BRUNO CASSINI BLACK 34-35 (a151_82bg),Manga de Camisa: S1 - 32/33,Not present in Phase 2 or simple CSV
__export__.product_product_88486_1057c831,__import__.product_template_a151_82bg,H. CAMISA P/S BIG SIZE BRUNO CASSINI BLACK 34-35 (a151_82bg),Manga de Camisa: S2 - 34/35,Not present in Phase 2 or simple CSV
__export__.product_product_85879_24a3b88d,__import__.product_template_17604bg,H. CAMISA P/S BIG SIZE BRUNO CASSINI DARK BLUE 32-33,"Talla: 18,Manga de Camisa: S1 - 32/33",Not present in Phase 2 or simple CSV
__export__.product_product_85883_6fd66022,__import__.product_template_17604bg,H. CAMISA P/S BIG SIZE BRUNO CASSINI DARK BLUE 32-33,"Talla: 19.5,Manga de Camisa: S1 - 32/33",Not present in Phase 2 or simple CSV
__export__.product_product_88753_d9973b79,__import__.product_template_ce_baj_15_3915,H. CAMISA P/S BIG SIZE BRUNO CASSINI SKY BLUE 34-35,,Not present in Phase 2 or simple CSV
__export__.product_product_94448_3df8396e,__import__.product_template_150bg_3,H. CAMISA P/S BIG SIZE BRUNO CASSINI WHITE 34-35 (150bg_3),Manga de Camisa: S1 - 32/33,Not present in Phase 2 or simple CSV
__export__.product_product_94449_7ec4de9e,__import__.product_template_150bg_3,H. CAMISA P/S BIG SIZE BRUNO CASSINI WHITE 34-35 (150bg_3),Manga de Camisa: S2 - 34/35,Not present in Phase 2 or simple CSV
__export__.product_product_94433_5aa20710,__import__.product_template_hd42_b122bg,H. CAMISA P/S BIG SIZE BRUNO CASSINI WHITE 34-35 (hd42_b122bg),Manga de Camisa: S1 - 32/33,Not present in Phase 2 or simple CSV
__export__.product_product_94434_6dd8398b,__import__.product_template_hd42_b122bg,H. CAMISA P/S BIG SIZE BRUNO CASSINI WHITE 34-35 (hd42_b122bg),Manga de Camisa: S2 - 34/35,Not present in Phase 2 or simple CSV
__export__.product_product_87199_1a53989b,__import__.product_template_a118_82,H. CAMISA P/S BLACK BRUNO CASSINI 34-35,"Talla: 14.5,Manga de Camisa: S2 - 34/35",Not present in Phase 2 or simple CSV
__export__.product_product_87206_f2787c2c,__import__.product_template_a118_82,H. CAMISA P/S BLACK BRUNO CASSINI 34-35,"Talla: 17.5,Manga de Camisa: S1 - 32/33",Not present in Phase 2 or simple CSV
__export__.product_product_85998_0e539a3c,__import__.product_template_ht1840_4,H. CAMISA P/S BLUE BRUNO CASSINI 32-33,"Talla: 14.5,Manga de Camisa: S2 - 34/35",Not present in Phase 2 or simple CSV
__export__.product_product_87503_10ceb409,__import__.product_template_a108_3,H. CAMISA P/S BLUE BRUNO CASSINI 32-33 (a108_3),"Talla: 14.5,Manga de Camisa: S2 - 34/35",Not present in Phase 2 or simple CSV
__export__.product_product_87321_38be27e3,__import__.product_template_a158_10,H. CAMISA P/S BLUE BRUNO CASSINI 32-33 (a158_10),"Talla: 14.5,Manga de Camisa: S2 - 34/35",Not present in Phase 2 or simple CSV
__export__.product_product_87332_da08bf7a,__import__.product_template_a158_10,H. CAMISA P/S BLUE BRUNO CASSINI 32-33 (a158_10),"Talla: 17.5,Manga de Camisa: S1 - 32/33",Not present in Phase 2 or simple CSV
__export__.product_product_87400_4c393dd6,__import__.product_template_a158_4,H. CAMISA P/S BLUE BRUNO CASSINI 32-33 (a158_4),,Not present in Phase 2 or simple CSV
__export__.product_product_86090_7eeb91c3,__import__.product_template_ht8811_3,H. CAMISA P/S BLUE BRUNO CASSINI 32-33 (ht8811_3),"Talla: 16,Manga de Camisa: S2 - 34/35",Not present in Phase 2 or simple CSV
__export__.product_product_87391_b32723d7,__import__.product_template_a126_4,H. CAMISA P/S BLUE BRUNO CASSINI 34-35,"Talla: 14.5,Manga de Camisa: S2 - 34/35",Not present in Phase 2 or simple CSV
__export__.product_product_87407_4ea586c8,__import__.product_template_a108_4,H. CAMISA P/S BLUE BRUNO CASSINI 34-35 (a108_4),"Talla: 14.5,Manga de Camisa: S2 - 34/35",Not present in Phase 2 or simple CSV
__export__.product_product_87410_e1286059,__import__.product_template_a108_4,H. CAMISA P/S BLUE BRUNO CASSINI 34-35 (a108_4),"Talla: 16,Manga de Camisa: S1 - 32/33",Not present in Phase 2 or simple CSV
__export__.product_product_88529_35382294,__import__.product_template_a151_82,H. CAMISA P/S BRUNO CASSINI BLACK 34-35,,Not present in Phase 2 or simple CSV
__export__.product_product_88527_49ee7146,__import__.product_template_4s22008_2,H. CAMISA P/S BRUNO CASSINI BLUE PLAID 34-35,"Talla: 17.5,Manga de Camisa: S1 - 32/33",Not present in Phase 2 or simple CSV
__export__.product_product_93526_22413947,__import__.product_template_k820_3,H. CAMISA P/S BRUNO CASSINI BLUE POINT 32-33,"Talla: 14.5,Manga de Camisa: S2 - 34/35",Not present in Phase 2 or simple CSV
__export__.product_product_93434_8452243a,__import__.product_template_k818_3,H. CAMISA P/S BRUNO CASSINI BLUE POINT 34-35,Manga de Camisa: S1 - 32/33,Not present in Phase 2 or simple CSV
__export__.product_product_93435_46154619,__import__.product_template_k818_3,H. CAMISA P/S BRUNO CASSINI BLUE POINT 34-35,Manga de Camisa: S2 - 34/35,Not present in Phase 2 or simple CSV
__export__.product_product_93347_ae9a83bf,__import__.product_template_c1100_1_2,H. CAMISA P/S BRUNO CASSINI CUADRO BLUE 32-33,"Talla: 14.5,Manga de Camisa: S2 - 34/35",Not present in Phase 2 or simple CSV
__export__.product_product_93356_592056da,__import__.product_template_c1100_1_2,H. CAMISA P/S BRUNO CASSINI CUADRO BLUE 32-33,"Talla: 17.5,Manga de Camisa: S1 - 32/33",Not present in Phase 2 or simple CSV
__export__.product_product_93537_dd63ddd6,__import__.product_template_c1100_2,H. CAMISA P/S BRUNO CASSINI CUADRO BLUE 32-33 (c1100_2),"Talla: 14.5,Manga de Camisa: S2 - 34/35",Not present in Phase 2 or simple CSV
__export__.product_product_93548_320a78f7,__import__.product_template_c1100_2,H. CAMISA P/S BRUNO CASSINI CUADRO BLUE 32-33 (c1100_2),"Talla: 17.5,Manga de Camisa: S1 - 32/33",Not present in Phase 2 or simple CSV
__export__.product_product_93324_010c2465,__import__.product_template_c1100_1,H. CAMISA P/S BRUNO CASSINI CUADRO CELESTE 34-35,"Talla: 14.5,Manga de Camisa: S2 - 34/35",Not present in Phase 2 or simple CSV
__export__.product_product_93335_46ff846e,__import__.product_template_c1100_1,H. CAMISA P/S BRUNO CASSINI CUADRO CELESTE 34-35,"Talla: 17.5,Manga de Camisa: S1 - 32/33",Not present in Phase 2 or simple CSV
__export__.product_product_93362_a761cd0e,__import__.product_template_c1100_9_2,H. CAMISA P/S BRUNO CASSINI CUADRO SKY 32-33,"Talla: 14.5,Manga de Camisa: S2 - 34/35",Not present in Phase 2 or simple CSV
__export__.product_product_93576_229089c8,__import__.product_template_c1100_9,H. CAMISA P/S BRUNO CASSINI CUADRO SKY 32-33 (c1100_9),"Talla: 14.5,Manga de Camisa: S2 - 34/35",Not present in Phase 2 or simple CSV
__export__.product_product_93444_e4b6a012,__import__.product_template_ad7025p8_7,H. CAMISA P/S BRUNO CASSINI CUADROS BLUE 32-33,"Talla: 14.5,Manga de Camisa: S2 - 34/35",Not present in Phase 2 or simple CSV
__export__.product_product_93455_376ed7f7,__import__.product_template_ad7025p8_7,H. CAMISA P/S BRUNO CASSINI CUADROS BLUE 32-33,"Talla: 17.5,Manga de Camisa: S1 - 32/33",Not present in Phase 2 or simple CSV
__export__.product_product_93600_a1394f29,__import__.product_template_ad7025p8_10,H. CAMISA P/S BRUNO CASSINI CUADROS ORANGE 32-33,"Talla: 14.5,Manga de Camisa: S2 - 34/35",Not present in Phase 2 or simple CSV
__export__.product_product_93611_df3fbdf4,__import__.product_template_ad7025p8_10,H. CAMISA P/S BRUNO CASSINI CUADROS ORANGE 32-33,"Talla: 17.5,Manga de Camisa: S1 - 32/33",Not present in Phase 2 or simple CSV
__export__.product_product_93464_be64484c,__import__.product_template_ad7025p8_2,H. CAMISA P/S BRUNO CASSINI CUADROS SKY BLUE 34-35,"Talla: 14.5,Manga de Camisa: S2 - 34/35",Not present in Phase 2 or simple CSV
__export__.product_product_93620_a4262c55,__import__.product_template_ad7025p8_3,H. CAMISA P/S BRUNO CASSINI CUADROS VIOLET 32-33,"Talla: 14.5,Manga de Camisa: S2 - 34/35",Not present in Phase 2 or simple CSV
__export__.product_product_94569_de169ed4,__import__.product_template_hd42_126l,H. CAMISA P/S BRUNO CASSINI LIGHT BLUE 32-33 (hd42_126l),Manga de Camisa: S1 - 32/33,Not present in Phase 2 or simple CSV
__export__.product_product_94570_79cf9bb6,__import__.product_template_hd42_126l,H. CAMISA P/S BRUNO CASSINI LIGHT BLUE 32-33 (hd42_126l),Manga de Camisa: S2 - 34/35,Not present in Phase 2 or simple CSV
__export__.product_product_94545_2beeb1fc,__import__.product_template_603_3,H. CAMISA P/S BRUNO CASSINI LINEN BLUE 32-33 (603_3),Manga de Camisa: S1 - 32/33,Not present in Phase 2 or simple CSV
__export__.product_product_94546_d2cd607f,__import__.product_template_603_3,H. CAMISA P/S BRUNO CASSINI LINEN BLUE 32-33 (603_3),Manga de Camisa: S2 - 34/35,Not present in Phase 2 or simple CSV
__export__.product_product_93558_6ea7fc27,__import__.product_template_605_3,H. CAMISA P/S BRUNO CASSINI LINEN BLUE 32-33 (605_3),"Talla: 14.5,Manga de Camisa: S2 - 34/35",Not present in Phase 2 or simple CSV
__export__.product_product_93569_f5af265e,__import__.product_template_605_3,H. CAMISA P/S BRUNO CASSINI LINEN BLUE 32-33 (605_3),"Talla: 17.5,Manga de Camisa: S1 - 32/33",Not present in Phase 2 or simple CSV
__export__.product_product_93393_23407676,__import__.product_template_603_9,H. CAMISA P/S BRUNO CASSINI LINEN ORANGE 32-33,"Talla: 14.5,Manga de Camisa: S2 - 34/35",Not present in Phase 2 or simple CSV
__export__.product_product_93404_bbf3a1ce,__import__.product_template_603_9,H. CAMISA P/S BRUNO CASSINI LINEN ORANGE 32-33,"Talla: 17.5,Manga de Camisa: S1 - 32/33",Not present in Phase 2 or simple CSV
__export__.product_product_93422_7e97ad0f,__import__.product_template_603_4,H. CAMISA P/S BRUNO CASSINI LINEN RED 32-33,"Talla: 14.5,Manga de Camisa: S2 - 34/35",Not present in Phase 2 or simple CSV
__export__.product_product_93431_a3edd152,__import__.product_template_603_4,H. CAMISA P/S BRUNO CASSINI LINEN RED 32-33,"Talla: 17.5,Manga de Camisa: S1 - 32/33",Not present in Phase 2 or simple CSV
__export__.product_product_93410_8268ee7e,__import__.product_template_603_2,H. CAMISA P/S BRUNO CASSINI LINEN SKY 32-33,"Talla: 14.5,Manga de Camisa: S2 - 34/35",Not present in Phase 2 or simple CSV
__export__.product_product_88506_8153958a,__import__.product_template_cm0005mbu,H. CAMISA P/S BRUNO CASSINI M. BLUE 32-33,"Talla: 14.5,Manga de Camisa: S2 - 34/35",Not present in Phase 2 or simple CSV
__export__.product_product_88482_7723097a,__import__.product_template_1_18,H. CAMISA P/S BRUNO CASSINI PURPLE 32-33,Manga de Camisa: S1 - 32/33,Not present in Phase 2 or simple CSV
__export__.product_product_88483_bbde51c1,__import__.product_template_1_18,H. CAMISA P/S BRUNO CASSINI PURPLE 32-33,Manga de Camisa: S2 - 34/35,Not present in Phase 2 or simple CSV
__export__.product_product_93476_aa80a45b,__import__.product_template_k820_6,H. CAMISA P/S BRUNO CASSINI RED POINT 32-33,Manga de Camisa: S1 - 32/33,Not present in Phase 2 or simple CSV
__export__.product_product_93477_5db6ed36,__import__.product_template_k820_6,H. CAMISA P/S BRUNO CASSINI RED POINT 32-33,Manga de Camisa: S2 - 34/35,Not present in Phase 2 or simple CSV
__export__.product_product_88533_0b78c449,__import__.product_template_ss23101_02,H. CAMISA P/S BRUNO CASSINI SKY BLUE 32-33,"Talla: 15.5,Manga de Camisa: S1 - 32/33",Not present in Phase 2 or simple CSV
__export__.product_product_88565_216f1a60,__import__.product_template_4s22026_2,H. CAMISA P/S BRUNO CASSINI SKY BLUE 32-33 (4s22026_2),"Talla: 14.5,Manga de Camisa: S2 - 34/35",Not present in Phase 2 or simple CSV
__export__.product_product_88570_83fb1950,__import__.product_template_4s22026_2,H. CAMISA P/S BRUNO CASSINI SKY BLUE 32-33 (4s22026_2),"Talla: 17.5,Manga de Camisa: S1 - 32/33",Not present in Phase 2 or simple CSV
__export__.product_product_93374_b78ab7fa,__import__.product_template_a3025,H. CAMISA P/S BRUNO CASSINI WHITE 32-33 (a3025),"Talla: 14.5,Manga de Camisa: S2 - 34/35",Not present in Phase 2 or simple CSV
__export__.product_product_93383_f47720a2,__import__.product_template_a3025,H. CAMISA P/S BRUNO CASSINI WHITE 32-33 (a3025),"Talla: 17.5,Manga de Camisa: S1 - 32/33",Not present in Phase 2 or simple CSV
__export__.product_product_94509_4d0322cf,__import__.product_template_150_3,H. CAMISA P/S BRUNO CASSINI WHITE 34-35 (150_3),Manga de Camisa: S1 - 32/33,Not present in Phase 2 or simple CSV
__export__.product_product_94510_883b1fe4,__import__.product_template_150_3,H. CAMISA P/S BRUNO CASSINI WHITE 34-35 (150_3),Manga de Camisa: S2 - 34/35,Not present in Phase 2 or simple CSV
__export__.product_product_88588_a566711f,__import__.product_template_4s22009_1,H. CAMISA P/S BRUNO CASSINI WHITE 34-35 (4s22009_1),Manga de Camisa: S1 - 32/33,Not present in Phase 2 or simple CSV
__export__.product_product_88589_611d8c25,__import__.product_template_4s22009_1,H. CAMISA P/S BRUNO CASSINI WHITE 34-35 (4s22009_1),Manga de Camisa: S2 - 34/35,Not present in Phase 2 or simple CSV
__export__.product_product_93521_fd603da8,__import__.product_template_k818_1,H. CAMISA P/S BRUNO CASSINI WHITE 34-35 (k818_1),Manga de Camisa: S1 - 32/33,Not present in Phase 2 or simple CSV
__export__.product_product_93522_9feb2324,__import__.product_template_k818_1,H. CAMISA P/S BRUNO CASSINI WHITE 34-35 (k818_1),Manga de Camisa: S2 - 34/35,Not present in Phase 2 or simple CSV
__export__.product_product_87300_e1658f1e,__import__.product_template_a108_24,H. CAMISA P/S CORAL BRUNO CASSINI 34-35,"Talla: 14.5,Manga de Camisa: S2 - 34/35",Not present in Phase 2 or simple CSV
__export__.product_product_87311_8911a724,__import__.product_template_a108_24,H. CAMISA P/S CORAL BRUNO CASSINI 34-35,"Talla: 17.5,Manga de Camisa: S1 - 32/33",Not present in Phase 2 or simple CSV
__export__.product_product_87492_1f03590d,__import__.product_template_a108_7,H. CAMISA P/S LIGHT BLUE BRUNO CASSINI 32-33,"Talla: 15.5,Manga de Camisa: S2 - 34/35",Not present in Phase 2 or simple CSV
__export__.product_product_87493_ef0b043b,__import__.product_template_a108_7,H. CAMISA P/S LIGHT BLUE BRUNO CASSINI 32-33,"Talla: 17,Manga de Camisa: S1 - 32/33",Not present in Phase 2 or simple CSV
__export__.product_product_87495_14cf2a90,__import__.product_template_a108_7,H. CAMISA P/S LIGHT BLUE BRUNO CASSINI 32-33,"Talla: 17.5,Manga de Camisa: S1 - 32/33",Not present in Phase 2 or simple CSV
__export__.product_product_87498_f2243b9b,__import__.product_template_a158_3,H. CAMISA P/S LIGHT BLUE BRUNO CASSINI 34-35 (a158_3),Manga de Camisa: S1 - 32/33,Not present in Phase 2 or simple CSV
__export__.product_product_87499_2a72b7cf,__import__.product_template_a158_3,H. CAMISA P/S LIGHT BLUE BRUNO CASSINI 34-35 (a158_3),Manga de Camisa: S2 - 34/35,Not present in Phase 2 or simple CSV
__export__.product_product_87273_1bff9e50,__import__.product_template_str3,H. CAMISA P/S LINEN LIGHT BLUE BRUNO CASSINI 34-35,"Talla: 14.5,Manga de Camisa: S2 - 34/35",Not present in Phase 2 or simple CSV
__export__.product_product_87377_acc97786,__import__.product_template_a126_10,H. CAMISA P/S PURPLE BRUNO CASSINI 32-33,"Talla: 17.5,Manga de Camisa: S1 - 32/33",Not present in Phase 2 or simple CSV
__export__.product_product_85916_4d1f3d9b,__import__.product_template_ht8811_2,H. CAMISA P/S ROSE BRUNO CASSINI 34-35,"Talla: 14.5,Manga de Camisa: S2 - 34/35",Not present in Phase 2 or simple CSV
__export__.product_product_85927_78be568f,__import__.product_template_ht8811_2,H. CAMISA P/S ROSE BRUNO CASSINI 34-35,"Talla: 17.5,Manga de Camisa: S1 - 32/33",Not present in Phase 2 or simple CSV
__export__.product_product_85954_6250c3ef,__import__.product_template_ht1965_2,H. CAMISA P/S SQUARE BLUE BRUNO CASSINI 34-35,"Talla: 17.5,Manga de Camisa: S1 - 32/33",Not present in Phase 2 or simple CSV
__export__.product_product_86030_0960c074,__import__.product_template_ht2082_3,H. CAMISA P/S SQUARE BLUE BRUNO CASSINI 34-35 (ht2082_3),"Talla: 14.5,Manga de Camisa: S2 - 34/35",Not present in Phase 2 or simple CSV
__export__.product_product_86034_3f917989,__import__.product_template_ht2082_3,H. CAMISA P/S SQUARE BLUE BRUNO CASSINI 34-35 (ht2082_3),"Talla: 15.5,Manga de Camisa: S2 - 34/35",Not present in Phase 2 or simple CSV
__export__.product_product_86041_738dcc26,__import__.product_template_ht2082_3,H. CAMISA P/S SQUARE BLUE BRUNO CASSINI 34-35 (ht2082_3),"Talla: 17.5,Manga de Camisa: S1 - 32/33",Not present in Phase 2 or simple CSV
__export__.product_product_85936_732d6ff6,__import__.product_template_ht1739_5,H. CAMISA P/S STRIPE BLUE BRUNO CASSINI 34-35,"Talla: 17.5,Manga de Camisa: S1 - 32/33",Not present in Phase 2 or simple CSV
__export__.product_product_85964_54f112ca,__import__.product_template_ht2081_3,H. CAMISA P/S WHITE BRUNO CASSINI 32-33,"Talla: 14.5,Manga de Camisa: S2 - 34/35",Not present in Phase 2 or simple CSV
__export__.product_product_85975_cca9d8f5,__import__.product_template_ht2081_3,H. CAMISA P/S WHITE BRUNO CASSINI 32-33,"Talla: 17.5,Manga de Camisa: S1 - 32/33",Not present in Phase 2 or simple CSV
__export__.product_product_87541_5d759c35,__import__.product_template_a108_1,H. CAMISA P/S WHITE BRUNO CASSINI 32-33 (a108_1),"Talla: 14.5,Manga de Camisa: S2 - 34/35",Not present in Phase 2 or simple CSV
__export__.product_product_87552_1f563e69,__import__.product_template_a108_1,H. CAMISA P/S WHITE BRUNO CASSINI 32-33 (a108_1),"Talla: 17.5,Manga de Camisa: S1 - 32/33",Not present in Phase 2 or simple CSV
__export__.product_product_87423_c0b928c9,__import__.product_template_a156_1,H. CAMISA P/S WHITE BRUNO CASSINI 32-33 (a156_1),"Talla: 14.5,Manga de Camisa: S2 - 34/35",Not present in Phase 2 or simple CSV
__export__.product_product_87432_f03d9227,__import__.product_template_a156_1,H. CAMISA P/S WHITE BRUNO CASSINI 32-33 (a156_1),"Talla: 17.5,Manga de Camisa: S1 - 32/33",Not present in Phase 2 or simple CSV
__export__.product_product_87520_208469b8,__import__.product_template_a163_1,H. CAMISA P/S WHITE BRUNO CASSINI 32-33 (a163_1),"Talla: 14.5,Manga de Camisa: S2 - 34/35",Not present in Phase 2 or simple CSV
__export__.product_product_87531_ad5a7495,__import__.product_template_a163_1,H. CAMISA P/S WHITE BRUNO CASSINI 32-33 (a163_1),"Talla: 17.5,Manga de Camisa: S1 - 32/33",Not present in Phase 2 or simple CSV
__export__.product_product_86141_cf6d25bb,__import__.product_template_ht1840_1,H. CAMISA P/S WHITE BRUNO CASSINI 32-33 (ht1840_1),"Talla: 14.5,Manga de Camisa: S2 - 34/35",Not present in Phase 2 or simple CSV
__export__.product_product_86152_1fa75f34,__import__.product_template_ht1840_1,H. CAMISA P/S WHITE BRUNO CASSINI 32-33 (ht1840_1),"Talla: 17.5,Manga de Camisa: S1 - 32/33",Not present in Phase 2 or simple CSV
__export__.product_product_86099_6776eee9,__import__.product_template_ht2231_1,H. CAMISA P/S WHITE BRUNO CASSINI 32-33 (ht2231_1),"Talla: 14.5,Manga de Camisa: S2 - 34/35",Not present in Phase 2 or simple CSV
__export__.product_product_86110_dcb9f403,__import__.product_template_ht2231_1,H. CAMISA P/S WHITE BRUNO CASSINI 32-33 (ht2231_1),"Talla: 17.5,Manga de Camisa: S1 - 32/33",Not present in Phase 2 or simple CSV
__export__.product_product_86183_48328b3c,__import__.product_template_ht2231_7,H. CAMISA P/S WHITE BRUNO CASSINI 32-33 (ht2231_7),"Talla: 14.5,Manga de Camisa: S2 - 34/35",Not present in Phase 2 or simple CSV
__export__.product_product_86194_4ccceec4,__import__.product_template_ht2231_7,H. CAMISA P/S WHITE BRUNO CASSINI 32-33 (ht2231_7),"Talla: 17.5,Manga de Camisa: S1 - 32/33",Not present in Phase 2 or simple CSV
__export__.product_product_86120_8dccea4d,__import__.product_template_ht8811_1,H. CAMISA P/S WHITE BRUNO CASSINI 32-33 (ht8811_1),"Talla: 14.5,Manga de Camisa: S2 - 34/35",Not present in Phase 2 or simple CSV
__export__.product_product_86131_591a48a1,__import__.product_template_ht8811_1,H. CAMISA P/S WHITE BRUNO CASSINI 32-33 (ht8811_1),"Talla: 17.5,Manga de Camisa: S1 - 32/33",Not present in Phase 2 or simple CSV
__export__.product_product_86051_51041295,__import__.product_template_ht2102_81,H. CAMISA P/S WHITE BRUNO CASSINI 34-35,"Talla: 14.5,Manga de Camisa: S2 - 34/35",Not present in Phase 2 or simple CSV
__export__.product_product_86062_6a26e0b7,__import__.product_template_ht2102_81,H. CAMISA P/S WHITE BRUNO CASSINI 34-35,"Talla: 17.5,Manga de Camisa: S1 - 32/33",Not present in Phase 2 or simple CSV
__export__.product_product_87584_7c0ab0d1,__import__.product_template_a115_1,H. CAMISA P/S WHITE BRUNO CASSINI 34-35 (a115_1),,Not present in Phase 2 or simple CSV
__export__.product_product_87455_ace49ba9,__import__.product_template_a151_1,H. CAMISA P/S WHITE BRUNO CASSINI 34-35 (a151_1),"Talla: 14.5,Manga de Camisa: S2 - 34/35",Not present in Phase 2 or simple CSV
__export__.product_product_87462_df2bfc61,__import__.product_template_a151_1,H. CAMISA P/S WHITE BRUNO CASSINI 34-35 (a151_1),"Talla: 17.5,Manga de Camisa: S1 - 32/33",Not present in Phase 2 or simple CSV
__export__.product_product_86162_13de5b0b,__import__.product_template_ht1840_2,H. CAMISA P/S WHITE BRUNO CASSINI 34-35 (ht1840_2),"Talla: 14.5,Manga de Camisa: S2 - 34/35",Not present in Phase 2 or simple CSV
__export__.product_product_86173_cfb416f3,__import__.product_template_ht1840_2,H. CAMISA P/S WHITE BRUNO CASSINI 34-35 (ht1840_2),"Talla: 17.5,Manga de Camisa: S1 - 32/33",Not present in Phase 2 or simple CSV
__export__.product_product_87216_e196a667,__import__.product_template_17601_sk,H. CAMISA P/SMOKING WHITE BRUNO CASSINI 32-33,"Talla: 14.5,Manga de Camisa: S2 - 34/35",Not present in Phase 2 or simple CSV
__export__.product_product_87227_075cb199,__import__.product_template_17601_sk,H. CAMISA P/SMOKING WHITE BRUNO CASSINI 32-33,"Talla: 17.5,Manga de Camisa: S1 - 32/33",Not present in Phase 2 or simple CSV
__export__.product_product_86996_18aa4a9e,__import__.product_template_cmst_cv_b90_002gu,H. CAMISETA P/CABALLEROS CARVEN,,Not present in Phase 2 or simple CSV
__export__.product_product_86995_987f3c83,__import__.product_template_cmst_cv_b90_002wi,H. CAMISETA P/CABALLEROS WINE CARVEN,,Not present in Phase 2 or simple CSV
__export__.product_product_93276_8ad43bb0,__import__.product_template_442199090_37,H. HORMA P/ZAPATOS BRUNO CASSINI TL 37-38,,Not present in Phase 2 or simple CSV
__export__.product_product_93277_bb2f5038,__import__.product_template_442199090_39,H. HORMA P/ZAPATOS BRUNO CASSINI TL 39-40,,Not present in Phase 2 or simple CSV
__export__.product_product_93278_81f88da2,__import__.product_template_442199090_41,H. HORMA P/ZAPATOS BRUNO CASSINI TL 41-42,,Not present in Phase 2 or simple CSV
__export__.product_product_93279_1eb79e50,__import__.product_template_442199090_43,H. HORMA P/ZAPATOS BRUNO CASSINI TL 43-44,,Not present in Phase 2 or simple CSV
__export__.product_product_86994_d735a127,__import__.product_template_pt_cv_b90_001hgr,H. PANTALON P/CABALLERO CARVEN (pt_cv_b90_001hgr),,Not present in Phase 2 or simple CSV
__export__.product_product_86991_16d9c26a,__import__.product_template_pt_cv_b90_002gu,H. PANTALON P/CABALLERO CARVEN (pt_cv_b90_002gu),,Not present in Phase 2 or simple CSV
__export__.product_product_86990_4a8a1710,__import__.product_template_pt_cv_b90_002wi,H. PANTALON P/CABALLERO CARVEN (pt_cv_b90_002wi),,Not present in Phase 2 or simple CSV
__export__.product_product_88063_7d16324f,__import__.product_template_lbpc_a31_254r_dknv,H. POLO LONG BEACH M/C P/CABALLERO DARK NAVY,,Not present in Phase 2 or simple CSV
__export__.product_product_95559_56f4c309,__import__.product_template_j,JUMPER,,Not present in Phase 2 or simple CSV
__export__.product_product_95588_c283ac30,__import__.product_template_px_nztd,LED DOWN LIGHT 30W 6000-6500K,,Not present in Phase 2 or simple CSV
__export__.product_product_86804_9103f592,__import__.product_template_23e4246_15,Leva 23E4246-15,,Not present in Phase 2 or simple CSV
__export__.product_product_86667_4872e6a5,__import__.product_template_lv_008_black_2,Leva LV-008-BLACK-2,,Not present in Phase 2 or simple CSV
__export__.product_product_89620_e8eeb763,__import__.product_template_lv_12342_1,Leva LV-12342-1,,Not present in Phase 2 or simple CSV
__export__.product_product_88433_c27d683b,__import__.product_template_lv_17001_9,Leva LV-17001-9,,Not present in Phase 2 or simple CSV
__export__.product_product_86637_77c6000d,__import__.product_template_lv_23a29607_32,Leva LV-23A29607-32,,Not present in Phase 2 or simple CSV
__export__.product_product_86668_0a28b4c4,__import__.product_template_lv_23c25168_220,Leva LV-23C25168-220,,Not present in Phase 2 or simple CSV
__export__.product_product_86976_097903f2,__import__.product_template_lv_23e3705_25,Leva LV-23E3705-25,,Not present in Phase 2 or simple CSV
__export__.product_product_86345_7c7e0c4a,__import__.product_template_lv_24b11210_100,Leva LV-24B11210-100,,Not present in Phase 2 or simple CSV
__export__.product_product_86622_3d976fe5,__import__.product_template_lv_24c28061_76,Leva LV-24C28061-76,,Not present in Phase 2 or simple CSV
__export__.product_product_85716_0ce09386,__import__.product_template_lv_25c29118_13,Leva LV-25C29118-13,,Not present in Phase 2 or simple CSV
__export__.product_product_88339_11398544,__import__.product_template_lv_gb_g11_002,Leva LV-GB-G11-002,,Not present in Phase 2 or simple CSV
__export__.product_product_88427_e56d0936,__import__.product_template_lv_tl10_658a,Leva LV-TL10-658A,,Not present in Phase 2 or simple CSV
__export__.product_product_96176_bc9cc139,__import__.product_template_9039_bl,M. BIKINI JUNIOR BLANCO FLOR,,Not present in Phase 2 or simple CSV
__export__.product_product_87747_9aa1441f,__import__.product_template_pb,M. BRAZALETES P/DAMA VARIOS MODELOS,,Not present in Phase 2 or simple CSV
__export__.product_product_88973_a968e8ec,__import__.product_template_t1005b_fuc_sep,M. CAMISA P/DAMA FUCHSIA,,Not present in Phase 2 or simple CSV
__export__.product_product_95906_a42bd33e,__import__.product_template_sabi_fiesta,M. CARTERA DE FIESTA VARIOS MD,,Not present in Phase 2 or simple CSV
__export__.product_product_94917_9ffdb259,__import__.product_template_dfb3011_blanco,M. CONJUNTO PANT+ TOP P/DAMA BLANCO DANFIVE,,Not present in Phase 2 or simple CSV
__export__.product_product_94152_dca8ac28,__import__.product_template_jy,M. JOYERO P/DAMA VARIOS MODELOS,,Not present in Phase 2 or simple CSV
__export__.product_product_88261_3b633295,__import__.product_template_set_mili_nara_bl,M. SET P/DAMA ARENA MILI NARA,,Not present in Phase 2 or simple CSV
__export__.product_product_88269_69862500,__import__.product_template_set_lucero_n,M. SET P/DAMA PISTACHIO LUCERO,,Not present in Phase 2 or simple CSV
__export__.product_product_94181_b5e8e3a2,__import__.product_template_1100_bg,M. TOP P/DAMA BEIGE,,Not present in Phase 2 or simple CSV
__export__.product_product_94184_1d64944e,__import__.product_template_2007_bg,M. TOP P/DAMA BEIGE (2007_bg),,Not present in Phase 2 or simple CSV
__export__.product_product_94179_96b3b4a0,__import__.product_template_5000_bg,M. TOP P/DAMA BIEGE,,Not present in Phase 2 or simple CSV
__export__.product_product_94182_ed464b0f,__import__.product_template_1100_bl,M. TOP P/DAMA BLACK,,Not present in Phase 2 or simple CSV
__export__.product_product_94183_6d521558,__import__.product_template_2007_bl,M. TOP P/DAMA BLACK (2007_bl),,Not present in Phase 2 or simple CSV
__export__.product_product_94180_4a475209,__import__.product_template_5000_wh,M. TOP P/DAMA WHITE,,Not present in Phase 2 or simple CSV
__export__.product_product_94185_c12afcbb,__import__.product_template_2007_wh,M. TOP P/DAMA WHITE (2007_wh),,Not present in Phase 2 or simple CSV
__export__.product_product_88268_50501313,__import__.product_template_ve_destello,M. VESTIDO AZUL DESTELLO,,Not present in Phase 2 or simple CSV
__export__.product_product_86685_b64a3dc2,__import__.product_template_ref_elena_az,M. VESTIDO MOPA AZUL (ref_elena_az),,Not present in Phase 2 or simple CSV
__export__.product_product_86672_df5448ea,__import__.product_template_ref_margarita_rj,M. VESTIDO MOPA ESTAMPADO ROJO,,Not present in Phase 2 or simple CSV
__export__.product_product_86671_8c2e999a,__import__.product_template_ref_clara_ve,M. VESTIDO MOPA VERDE,,Not present in Phase 2 or simple CSV
__export__.product_product_89492_7e6a8d93,__import__.product_template_ve_isa_rj,M. VESTIDO P/DAMA ISA ROJO AZUL,,Not present in Phase 2 or simple CSV
__export__.product_product_89491_4d779af7,__import__.product_template_ve_madison_ve,M. VESTIDO P/DAMA MADISON VERDE,,Not present in Phase 2 or simple CSV
__export__.product_product_89488_f1232dac,__import__.product_template_ve_yesica_wh,M. VESTIDO P/DAMA YESICA BLANCO,,Not present in Phase 2 or simple CSV
__export__.product_product_89595_cb01a226,__import__.product_template_ve_yesica_na,M. VESTIDO YESICA P/DAMA NARANJA,,Not present in Phase 2 or simple CSV
__export__.product_product_88318_bea6cece,__import__.product_template_z_3125_pl,M. ZAPATO P/DAMA PLATA DFV,,Not present in Phase 2 or simple CSV
__export__.product_product_88319_60c3a3f6,__import__.product_template_z_3130_pl,M. ZAPATO P/DAMA PLATA DFV (z_3130_pl),,Not present in Phase 2 or simple CSV
__export__.product_product_96390_f365fd4e,__import__.product_template_12110black,M.BRASSIERE CHAMELA,,Not present in Phase 2 or simple CSV
__export__.product_product_96180_3c2291eb,__import__.product_template_8656bl,M.PRINCIPIANTE BLUE 08,,Not present in Phase 2 or simple CSV
__export__.product_product_95967_7ae16af8,__import__.product_template_pt_rs3688_blk_m,PANTALON DE TERNO P/DAMA BRUNO CASSINI (pt_rs3688_blk_m),,Not present in Phase 2 or simple CSV
__export__.product_product_87096_1986156a,__import__.product_template_pant_prisila,PANTALON PRISILA,,Not present in Phase 2 or simple CSV
__export__.product_product_95945_11419a49,__import__.product_template_pv,PANTALONETA DE NINO SOLEI,,Not present in Phase 2 or simple CSV
__export__.product_product_86977_d0426eca,__import__.product_template_pt_10036a_8_495,Pantalon PT-10036A-8-495,,Not present in Phase 2 or simple CSV
__export__.product_product_86636_11baec90,__import__.product_template_pt_2070_2,Pantalon PT-2070-2,,Not present in Phase 2 or simple CSV
__export__.product_product_86832_7dccc830,__import__.product_template_pt_24c29918_16,Pantalon PT-24C29918-16,,Not present in Phase 2 or simple CSV
__export__.product_product_85613_e14dd2b4,__import__.product_template_pt_24e2712_3,Pantalon PT-24E2712-3,,Not present in Phase 2 or simple CSV
__export__.product_product_85603_85cdaa27,__import__.product_template_pt_24e510097_5,Pantalon PT-24E510097-5,,Not present in Phase 2 or simple CSV
__export__.product_product_85560_2db83960,__import__.product_template_pt_25c29118_10,Pantalon PT-25C29118-10,,Not present in Phase 2 or simple CSV
__export__.product_product_85715_c9711077,__import__.product_template_pt_25c29118_13,Pantalon PT-25C29118-13,,Not present in Phase 2 or simple CSV
__export__.product_product_86989_f50ea7a1,__import__.product_template_pt_312010_4,Pantalon PT-312010-4,,Not present in Phase 2 or simple CSV
__export__.product_product_86988_2ab3f000,__import__.product_template_pt_3742_1,Pantalon PT-3742-1,,Not present in Phase 2 or simple CSV
__export__.product_product_88338_27bbae5c,__import__.product_template_pt_3803_50,Pantalon PT-3803/50,,Not present in Phase 2 or simple CSV
__export__.product_product_89024_aed944b3,__import__.product_template_pt_9a700112_3,Pantalon PT-9A700112-3,,Not present in Phase 2 or simple CSV
__export__.product_product_87902_a0dc76cb,__import__.product_template_pt_ni_o,Pantalon PT-NIÑO,,Not present in Phase 2 or simple CSV
__export__.product_product_88329_0bf74f31,__import__.product_template_pt_tl_10_400b_azn,Pantalon PT-TL-10-400B-AZN,,Not present in Phase 2 or simple CSV
__export__.product_product_88972_2417fc9f,__import__.product_template_pt_tl_10_656c,Pantalon PT-TL-10-656C,,Not present in Phase 2 or simple CSV
__export__.product_product_96117_bc3ecb7d,__import__.product_template_g07034as_blue,RINSE BLUE,,Not present in Phase 2 or simple CSV
__export__.product_product_89309_5d98ad54,__import__.product_template_set_charlotte,"SET CHARLOTTE, VERDE T.S",,Not present in Phase 2 or simple CSV
__export__.product_product_85559_90f40ef9,__import__.product_template_set_meg_ylw,SET MEGHAN YELLOW,,Not present in Phase 2 or simple CSV
__export__.product_product_95108_7832fd51,__import__.product_template_mmsl00538_fa430367_7073_46,SHIRT GOLD ON PRINTED FABRIC MORATO BLUE INK,,Not present in Phase 2 or simple CSV
__export__.product_product_95106_2317b17b,__import__.product_template_mmsl00529_fa430374_6002_50,SHIRT LONG SLEEVE WITH VENT ON MORATO MULTCOLORE,,Not present in Phase 2 or simple CSV
__export__.product_product_95107_5d6e7410,__import__.product_template_mmsl00529_fa430374_6002_46,SHIRT LONG SLEEVE WITH VENT ON MORATO MULTCOLORE (mmsl00529_fa430374_6002_46),,Not present in Phase 2 or simple CSV
__export__.product_product_95109_4e207168,__import__.product_template_mmsl00425_fa430305_9024_46,SHIRT PRINTED FABRIC MORATO STEEL GREY,,Not present in Phase 2 or simple CSV
__export__.product_product_88320_1e73e9df,__import__.product_template_short_cairo,SHORT LINO P/DAMA BEIGE / LADRILLO /NEGRO /VERDE ESTAMP,,Not present in Phase 2 or simple CSV
__export__.product_product_95358_8a7f756d,__import__.product_template_j11063_bleach_blue_sh,SHORT P/DAMA OBSENA,,Not present in Phase 2 or simple CSV
__export__.product_product_96349_eb1f509a,__import__.product_template_16350,Terno 16350,,Not present in Phase 2 or simple CSV
__export__.product_product_94918_0403659e,__import__.product_template_2536_kan_tally,Terno 2536-KAN-TALLY,,Not present in Phase 2 or simple CSV
__export__.product_product_96309_df221a27,__import__.product_template_43290,Terno 43290,,Not present in Phase 2 or simple CSV
__export__.product_product_96312_9534d5bc,__import__.product_template_43500,Terno 43500,,Not present in Phase 2 or simple CSV
__export__.product_product_96315_c918debb,__import__.product_template_43510,Terno 43510,,Not present in Phase 2 or simple CSV
__export__.product_product_7_310331e0,__export__.product_template_6_1e7f7442,Terno BC Prueba,Talla: 46,Not present in Phase 2 or simple CSV
__export__.product_product_8_56b35606,__export__.product_template_6_1e7f7442,Terno BC Prueba,Talla: 48,Not present in Phase 2 or simple CSV
__export__.product_product_9_19bc78d9,__export__.product_template_6_1e7f7442,Terno BC Prueba,Talla: 50,Not present in Phase 2 or simple CSV
__export__.product_product_10_f27b443e,__export__.product_template_6_1e7f7442,Terno BC Prueba,Talla: 52,Not present in Phase 2 or simple CSV
__export__.product_product_11_28b49897,__export__.product_template_6_1e7f7442,Terno BC Prueba,Talla: 54,Not present in Phase 2 or simple CSV
__export__.product_product_12_2b190582,__export__.product_template_6_1e7f7442,Terno BC Prueba,Talla: 56,Not present in Phase 2 or simple CSV
__export__.product_product_13_129a857c,__export__.product_template_6_1e7f7442,Terno BC Prueba,Talla: 58,Not present in Phase 2 or simple CSV
__export__.product_product_88286_0f68a609,__import__.product_template_cv_u11_016_bu,Terno CV-U11-016-BU,,Not present in Phase 2 or simple CSV
__export__.product_product_88285_cfd49ec3,__import__.product_template_cv_u11_037_nv,Terno CV-U11-037-NV,,Not present in Phase 2 or simple CSV
__export__.product_product_94422_a6bf7681,__import__.product_template_kan_anhoa,Terno KAN-ANHOA,,Not present in Phase 2 or simple CSV
__export__.product_product_95104_8f4cfc0d,__import__.product_template_mmtr00498_fa800109_w00749_5065_36,Terno MMTR00498-FA800109-W00749-5065-36,,Not present in Phase 2 or simple CSV
__export__.product_product_95103_46cd51d2,__import__.product_template_mmtr00498_fa800109_w00749_5065_38,Terno MMTR00498-FA800109-W00749-5065-38,,Not present in Phase 2 or simple CSV
__export__.product_product_95102_0ddae963,__import__.product_template_mmtr00498_fa800109_w00749_5065_40,Terno MMTR00498-FA800109-W00749-5065-40,,Not present in Phase 2 or simple CSV
__export__.product_product_95101_b9e348bd,__import__.product_template_mmtr00498_fa800109_w00749_7013_38,Terno MMTR00498-FA800109-W00749-7013-38,,Not present in Phase 2 or simple CSV
__export__.product_product_95105_64e0cf38,__import__.product_template_mmtr00498_w00749_5065_34,Terno MMTR00498-W00749-5065-34,,Not present in Phase 2 or simple CSV
__export__.product_product_86613_5d889cd4,__import__.product_template_mr_10845_1,Terno MR-10845-1,,Not present in Phase 2 or simple CSV
__export__.product_product_96018_47476965,__import__.product_template_nodim_driver,Terno NODIM-DRIVER,,Not present in Phase 2 or simple CSV
__export__.product_product_95390_7d1e80e4,__import__.product_template_opbs5148_468_sh,Terno OPBS5148-468.SH,,Not present in Phase 2 or simple CSV
__export__.product_product_86828_bad3a543,__import__.product_template_sd040_2b_ch,Terno SD040-2B-CH,,Not present in Phase 2 or simple CSV
__export__.product_product_94867_c53f7a81,__import__.product_template_tl_10_656a,Terno TL-10-656A,,Not present in Phase 2 or simple CSV
__export__.product_product_94869_71a020ba,__import__.product_template_tl_10_658b,Terno TL-10-658B,,Not present in Phase 2 or simple CSV
__export__.product_product_94868_0306f01b,__import__.product_template_tl_10_658c,Terno TL-10-658C,,Not present in Phase 2 or simple CSV
__export__.product_product_86705_d474a099,__import__.product_template_ve_passion_bl_a,Terno VE-PASSION-BL-A,,Not present in Phase 2 or simple CSV
__export__.product_product_86706_6c77fc4d,__import__.product_template_ve_passion_dro,Terno VE-PASSION-DRO,,Not present in Phase 2 or simple CSV
__export__.product_product_86704_2f4c6bd4,__import__.product_template_ve_passion_esl,Terno VE-PASSION-ESL,,Not present in Phase 2 or simple CSV
__export__.product_product_86707_8b00b191,__import__.product_template_ve_passion_ol,Terno VE-PASSION-OL,,Not present in Phase 2 or simple CSV
__export__.product_product_94459_92a58dff,__import__.product_template_z_1759siuk_az,Terno Z-1759SIUK-AZ,,Not present in Phase 2 or simple CSV
__export__.product_product_94609_16405ecf,__import__.product_template_z_2836_dfv_na,Terno Z-2836-DFV-NA,,Not present in Phase 2 or simple CSV
__export__.product_product_94610_34ce2ba0,__import__.product_template_z_2839dfv_gd,Terno Z-2839DFV-GD,,Not present in Phase 2 or simple CSV
__export__.product_product_94611_e0ab25e2,__import__.product_template_z_2839dfv_ne,Terno Z-2839DFV-NE,,Not present in Phase 2 or simple CSV
__export__.product_product_94607_d99ff81c,__import__.product_template_z_3021lamo_ne,Terno Z-3021LAMO-NE,,Not present in Phase 2 or simple CSV
__export__.product_product_94608_a927adde,__import__.product_template_z_5325clape_mo,Terno Z-5325CLAPE-MO,,Not present in Phase 2 or simple CSV
__export__.product_product_94739_41b6db21,__import__.product_template_z_sd913davi_rd,Terno Z-SD913DAVI-RD,,Not present in Phase 2 or simple CSV
__export__.product_product_86918_5fff1a5b,__import__.product_template_vest_anast_bge,VESTIDO ANASTACIA BEIGE,,Not present in Phase 2 or simple CSV
__export__.product_product_86612_54fabd59,__import__.product_template_ve_ariadna_bge,VESTIDO ARIADNA BEIGE,,Not present in Phase 2 or simple CSV
__export__.product_product_88312_d4d934f8,__import__.product_template_ve_heidy_consig,VESTIDO AZUL REY,,Not present in Phase 2 or simple CSV
__export__.product_product_85541_ddd16259,__import__.product_template_ve_ela_li,VESTIDO ELA LILA,,Not present in Phase 2 or simple CSV
__export__.product_product_88317_c3396b5f,__import__.product_template_ve_antonia_consig,VESTIDO ESTAMPADO FUCSIA,,Not present in Phase 2 or simple CSV
__export__.product_product_86818_36fe1bc9,__import__.product_template_ve_ginb_fuc,VESTIDO GINEBRA FUCSIA,,Not present in Phase 2 or simple CSV
__export__.product_product_85581_38913148,__import__.product_template_ve_katya_az,VESTIDO KATYA AZUL,,Not present in Phase 2 or simple CSV
__export__.product_product_85580_f3d03c34,__import__.product_template_ve_katya_pk,VESTIDO KATYA PINK,,Not present in Phase 2 or simple CSV
__export__.product_product_86823_c12a29e7,__import__.product_template_ve_maia_lnt_grn,VESTIDO LENTEJUELA MAIA GREEN,,Not present in Phase 2 or simple CSV
__export__.product_product_86384_9fb9e61a,__import__.product_template_ve_milenag_grn,VESTIDO MILENA GREEN,,Not present in Phase 2 or simple CSV
__export__.product_product_86975_dd44d0c5,__import__.product_template_vest_rose_bl,VESTIDO MOPA 2023-2 BLACK,,Not present in Phase 2 or simple CSV
__export__.product_product_86648_a8f260e2,__import__.product_template_ve_paulina_mag,VESTIDO PAULINA MAGENTA,,Not present in Phase 2 or simple CSV
__export__.product_product_86508_4ce2ad92,__import__.product_template_ve_stela_az,VESTIDO STELA AZUL,,Not present in Phase 2 or simple CSV
__export__.product_product_95857_f7d636f6,__import__.product_template_xlh1639_11_apricot,ZAPATOS OBSENA,"Ancho Corbata: 6 cm,Talla: 8",Not present in Phase 2 or simple CSV
__export__.product_product_95858_c6d8ab6d,__import__.product_template_xlh1639_11_apricot,ZAPATOS OBSENA,"Ancho Corbata: 6 cm,Talla: 9",Not present in Phase 2 or simple CSV
__export__.product_product_95859_b794d304,__import__.product_template_xlh1639_11_apricot,ZAPATOS OBSENA,"Ancho Corbata: 6 cm,Talla: 10",Not present in Phase 2 or simple CSV
__export__.product_product_95860_ba46483c,__import__.product_template_xlh1639_11_apricot,ZAPATOS OBSENA,"Ancho Corbata: 7 cm,Talla: 8",Not present in Phase 2 or simple CSV
__export__.product_product_95861_9a1fa106,__import__.product_template_xlh1639_11_apricot,ZAPATOS OBSENA,"Ancho Corbata: 7 cm,Talla: 9",Not present in Phase 2 or simple CSV
__export__.product_product_95862_a18fd82a,__import__.product_template_xlh1639_11_apricot,ZAPATOS OBSENA,"Ancho Corbata: 7 cm,Talla: 10",Not present in Phase 2 or simple CSV
__export__.product_product_86950_3a4ff86c,__import__.product_template_zp_gam_ol_s_f_cassini,Zapato ZP-GAM-OL-S/F-CASSINI,,Not present in Phase 2 or simple CSV
__export__.product_product_86894_f7a7014c,__import__.product_template_zp_hjvb_gam_gr,Zapato ZP-HJVB-GAM-GR,,Not present in Phase 2 or simple CSV
